Case Number,Href
16STPB04459,#/caseaccess/caseaccessdetail/16STPB04459/16STPB04459;PR;LA
17STFL00236,#/caseaccess/caseaccessdetail/17STFL00236/17STFL00236;FL;LA
17STFL00614,#/caseaccess/caseaccessdetail/17STFL00614/17STFL00614;FL;LA
17STFL00958,#/caseaccess/caseaccessdetail/17STFL00958/17STFL00958;FL;LA
17STFL01203,#/caseaccess/caseaccessdetail/17STFL01203/17STFL01203;FL;LA
17STFL01393,#/caseaccess/caseaccessdetail/17STFL01393/17STFL01393;FL;LA
17STFL01541,#/caseaccess/caseaccessdetail/17STFL01541/17STFL01541;FL;LA
17STFL01762,#/caseaccess/caseaccessdetail/17STFL01762/17STFL01762;FL;LA
17STFL02361,#/caseaccess/caseaccessdetail/17STFL02361/17STFL02361;FL;LA
17STFL02696,#/caseaccess/caseaccessdetail/17STFL02696/17STFL02696;FL;LA
17STFL02891,#/caseaccess/caseaccessdetail/17STFL02891/17STFL02891;FL;LA
17STFL03152,#/caseaccess/caseaccessdetail/17STFL03152/17STFL03152;FL;LA
17STFL04551,#/caseaccess/caseaccessdetail/17STFL04551/17STFL04551;FL;LA
17STFL06317,#/caseaccess/caseaccessdetail/17STFL06317/17STFL06317;FL;LA
17STFL06326,#/caseaccess/caseaccessdetail/17STFL06326/17STFL06326;FL;LA
17STFL06511,#/caseaccess/caseaccessdetail/17STFL06511/17STFL06511;FL;LA
17STFL06733,#/caseaccess/caseaccessdetail/17STFL06733/17STFL06733;FL;LA
17STFL07297,#/caseaccess/caseaccessdetail/17STFL07297/17STFL07297;FL;LA
17STFL07467,#/caseaccess/caseaccessdetail/17STFL07467/17STFL07467;FL;LA
17STFL07728,#/caseaccess/caseaccessdetail/17STFL07728/17STFL07728;FL;LA
17STFL07874,#/caseaccess/caseaccessdetail/17STFL07874/17STFL07874;FL;LA
17STFL07946,#/caseaccess/caseaccessdetail/17STFL07946/17STFL07946;FL;LA
17STFL08636,#/caseaccess/caseaccessdetail/17STFL08636/17STFL08636;FL;LA
17STFL08820,#/caseaccess/caseaccessdetail/17STFL08820/17STFL08820;FL;LA
17STPB00685,#/caseaccess/caseaccessdetail/17STPB00685/17STPB00685;PR;LA
17STPB01734,#/caseaccess/caseaccessdetail/17STPB01734/17STPB01734;PR;LA
17STPB01759,#/caseaccess/caseaccessdetail/17STPB01759/17STPB01759;PR;LA
17STPB04277,#/caseaccess/caseaccessdetail/17STPB04277/17STPB04277;PR;LA
17STPB07103,#/caseaccess/caseaccessdetail/17STPB07103/17STPB07103;PR;LA
17STPB09452,#/caseaccess/caseaccessdetail/17STPB09452/17STPB09452;PR;LA
17STPB10247,#/caseaccess/caseaccessdetail/17STPB10247/17STPB10247;PR;LA
17STPB10966,#/caseaccess/caseaccessdetail/17STPB10966/17STPB10966;PR;LA
17STPB11303,#/caseaccess/caseaccessdetail/17STPB11303/17STPB11303;PR;LA
17STRO01022,#/caseaccess/caseaccessdetail/17STRO01022/17STRO01022;FL;LA
17VEFL00117,#/caseaccess/caseaccessdetail/17VEFL00117/17VEFL00117;FL;NW
17VEFL01047,#/caseaccess/caseaccessdetail/17VEFL01047/17VEFL01047;FL;NW
18CHFL00361,#/caseaccess/caseaccessdetail/18CHFL00361/18CHFL00361;FL;CHA
18CHRO01996,#/caseaccess/caseaccessdetail/18CHRO01996/18CHRO01996;FL;CHA
18PDFL00825,#/caseaccess/caseaccessdetail/18PDFL00825/18PDFL00825;FL;PAS
18PDRO01293,#/caseaccess/caseaccessdetail/18PDRO01293/18PDRO01293;FL;PAS
18SMCV00095,#/caseaccess/caseaccessdetail/18SMCV00095/18SMCV00095;CV;SM
18SMRO00032,#/caseaccess/caseaccessdetail/18SMRO00032/18SMRO00032;FL;SM
18SMRO00498,#/caseaccess/caseaccessdetail/18SMRO00498/18SMRO00498;FL;SM
18STCV00306,#/caseaccess/caseaccessdetail/18STCV00306/18STCV00306;CV;LA
18STCV01277,#/caseaccess/caseaccessdetail/18STCV01277/18STCV01277;CV;SS
18STCV02257,#/caseaccess/caseaccessdetail/18STCV02257/18STCV02257;CV;SS
18STCV02840,#/caseaccess/caseaccessdetail/18STCV02840/18STCV02840;CV;LA
18STCV03256,#/caseaccess/caseaccessdetail/18STCV03256/18STCV03256;CV;SS
18STCV04200,#/caseaccess/caseaccessdetail/18STCV04200/18STCV04200;CV;LA
18STCV04565,#/caseaccess/caseaccessdetail/18STCV04565/18STCV04565;CV;LA
18STCV04665,#/caseaccess/caseaccessdetail/18STCV04665/18STCV04665;CV;BUR
18STCV04723,#/caseaccess/caseaccessdetail/18STCV04723/18STCV04723;CV;SS
18STCV05673,#/caseaccess/caseaccessdetail/18STCV05673/18STCV05673;CV;LA
18STCV07391,#/caseaccess/caseaccessdetail/18STCV07391/18STCV07391;CV;LA
18STFL00750,#/caseaccess/caseaccessdetail/18STFL00750/18STFL00750;FL;LA
18STFL00940,#/caseaccess/caseaccessdetail/18STFL00940/18STFL00940;FL;LA
18STFL01012,#/caseaccess/caseaccessdetail/18STFL01012/18STFL01012;FL;LA
18STFL01477,#/caseaccess/caseaccessdetail/18STFL01477/18STFL01477;FL;LA
18STFL01532,#/caseaccess/caseaccessdetail/18STFL01532/18STFL01532;FL;LA
18STFL02007,#/caseaccess/caseaccessdetail/18STFL02007/18STFL02007;FL;LA
18STFL02145,#/caseaccess/caseaccessdetail/18STFL02145/18STFL02145;FL;LA
18STFL02654,#/caseaccess/caseaccessdetail/18STFL02654/18STFL02654;FL;LA
18STFL02795,#/caseaccess/caseaccessdetail/18STFL02795/18STFL02795;FL;LA
18STFL03524,#/caseaccess/caseaccessdetail/18STFL03524/18STFL03524;FL;LA
18STFL03905,#/caseaccess/caseaccessdetail/18STFL03905/18STFL03905;FL;LA
18STFL04036,#/caseaccess/caseaccessdetail/18STFL04036/18STFL04036;FL;LA
18STFL04256,#/caseaccess/caseaccessdetail/18STFL04256/18STFL04256;FL;LA
18STFL04301,#/caseaccess/caseaccessdetail/18STFL04301/18STFL04301;FL;LA
18STFL04311,#/caseaccess/caseaccessdetail/18STFL04311/18STFL04311;FL;LA
18STFL04721,#/caseaccess/caseaccessdetail/18STFL04721/18STFL04721;FL;LA
18STFL04888,#/caseaccess/caseaccessdetail/18STFL04888/18STFL04888;FL;LA
18STFL05140,#/caseaccess/caseaccessdetail/18STFL05140/18STFL05140;FL;LA
18STFL05701,#/caseaccess/caseaccessdetail/18STFL05701/18STFL05701;FL;LA
18STFL05702,#/caseaccess/caseaccessdetail/18STFL05702/18STFL05702;FL;LA
18STFL06187,#/caseaccess/caseaccessdetail/18STFL06187/18STFL06187;FL;LA
18STFL06509,#/caseaccess/caseaccessdetail/18STFL06509/18STFL06509;FL;LA
18STFL07359,#/caseaccess/caseaccessdetail/18STFL07359/18STFL07359;FL;LA
18STFL08120,#/caseaccess/caseaccessdetail/18STFL08120/18STFL08120;FL;LA
18STFL08458,#/caseaccess/caseaccessdetail/18STFL08458/18STFL08458;FL;LA
18STFL08530,#/caseaccess/caseaccessdetail/18STFL08530/18STFL08530;FL;LA
18STFL08581,#/caseaccess/caseaccessdetail/18STFL08581/18STFL08581;FL;LA
18STFL10051,#/caseaccess/caseaccessdetail/18STFL10051/18STFL10051;FL;LA
18STFL10718,#/caseaccess/caseaccessdetail/18STFL10718/18STFL10718;FL;LA
18STFL10943,#/caseaccess/caseaccessdetail/18STFL10943/18STFL10943;FL;LA
18STFL11046,#/caseaccess/caseaccessdetail/18STFL11046/18STFL11046;FL;LA
18STFL11602,#/caseaccess/caseaccessdetail/18STFL11602/18STFL11602;FL;LA
18STFL11815,#/caseaccess/caseaccessdetail/18STFL11815/18STFL11815;FL;LA
18STFL12583,#/caseaccess/caseaccessdetail/18STFL12583/18STFL12583;FL;LA
18STFL13070,#/caseaccess/caseaccessdetail/18STFL13070/18STFL13070;FL;LA
18STFL13315,#/caseaccess/caseaccessdetail/18STFL13315/18STFL13315;FL;LA
18STFL13483,#/caseaccess/caseaccessdetail/18STFL13483/18STFL13483;FL;LA
18STFL13833,#/caseaccess/caseaccessdetail/18STFL13833/18STFL13833;FL;LA
18STFL14213,#/caseaccess/caseaccessdetail/18STFL14213/18STFL14213;FL;LA
18STFL14563,#/caseaccess/caseaccessdetail/18STFL14563/18STFL14563;FL;LA
18STFL14992,#/caseaccess/caseaccessdetail/18STFL14992/18STFL14992;FL;LA
18STFL15100,#/caseaccess/caseaccessdetail/18STFL15100/18STFL15100;FL;LA
18STFL15156,#/caseaccess/caseaccessdetail/18STFL15156/18STFL15156;FL;LA
18STPB01569,#/caseaccess/caseaccessdetail/18STPB01569/18STPB01569;PR;LA
18STPB01759,#/caseaccess/caseaccessdetail/18STPB01759/18STPB01759;PR;LA
18STPB02292,#/caseaccess/caseaccessdetail/18STPB02292/18STPB02292;PR;LA
18STPB04265,#/caseaccess/caseaccessdetail/18STPB04265/18STPB04265;PR;LA
18STPB05014,#/caseaccess/caseaccessdetail/18STPB05014/18STPB05014;PR;LA
18STPB07965,#/caseaccess/caseaccessdetail/18STPB07965/18STPB07965;PR;LA
18STPB08725,#/caseaccess/caseaccessdetail/18STPB08725/18STPB08725;PR;LA
18TRFL00616,#/caseaccess/caseaccessdetail/18TRFL00616/18TRFL00616;FL;SBA
18VEFL00645,#/caseaccess/caseaccessdetail/18VEFL00645/18VEFL00645;FL;NW
18VEFL01051,#/caseaccess/caseaccessdetail/18VEFL01051/18VEFL01051;FL;NW
18VERO00775,#/caseaccess/caseaccessdetail/18VERO00775/18VERO00775;FL;NW
19AVRO01161,#/caseaccess/caseaccessdetail/19AVRO01161/19AVRO01161;FL;ATP
19BBCV00331,#/caseaccess/caseaccessdetail/19BBCV00331/19BBCV00331;CV;GLN
19CHFL01184,#/caseaccess/caseaccessdetail/19CHFL01184/19CHFL01184;FL;CHA
19CHFL01422,#/caseaccess/caseaccessdetail/19CHFL01422/19CHFL01422;FL;CHA
19CHRO00421,#/caseaccess/caseaccessdetail/19CHRO00421/19CHRO00421;FL;CHA
19CHRO00674,#/caseaccess/caseaccessdetail/19CHRO00674/19CHRO00674;FL;CHA
19CHRO01664,#/caseaccess/caseaccessdetail/19CHRO01664/19CHRO01664;FL;CHA
19PDFL01005,#/caseaccess/caseaccessdetail/19PDFL01005/19PDFL01005;FL;PAS
19PDRO00687,#/caseaccess/caseaccessdetail/19PDRO00687/19PDRO00687;FL;PAS
19SMCV01651,#/caseaccess/caseaccessdetail/19SMCV01651/19SMCV01651;CV;SM
19SMRO00114,#/caseaccess/caseaccessdetail/19SMRO00114/19SMRO00114;FL;SM
19STCP01398,#/caseaccess/caseaccessdetail/19STCP01398/19STCP01398;CV;LA
19STCV01308,#/caseaccess/caseaccessdetail/19STCV01308/19STCV01308;CV;LA
19STCV01965,#/caseaccess/caseaccessdetail/19STCV01965/19STCV01965;CV;SS
19STCV02080,#/caseaccess/caseaccessdetail/19STCV02080/19STCV02080;CV;SM
19STCV02335,#/caseaccess/caseaccessdetail/19STCV02335/19STCV02335;CV;LA
19STCV02516,#/caseaccess/caseaccessdetail/19STCV02516/19STCV02516;CV;LA
19STCV02598,#/caseaccess/caseaccessdetail/19STCV02598/19STCV02598;CV;LA
19STCV02732,#/caseaccess/caseaccessdetail/19STCV02732/19STCV02732;CV;LA
19STCV02733,#/caseaccess/caseaccessdetail/19STCV02733/19STCV02733;CV;LA
19STCV03256,#/caseaccess/caseaccessdetail/19STCV03256/19STCV03256;CV;LA
19STCV03569,#/caseaccess/caseaccessdetail/19STCV03569/19STCV03569;CV;SS
19STCV04340,#/caseaccess/caseaccessdetail/19STCV04340/19STCV04340;CV;LA
19STCV04421,#/caseaccess/caseaccessdetail/19STCV04421/19STCV04421;CV;SS
19STCV08621,#/caseaccess/caseaccessdetail/19STCV08621/19STCV08621;CV;LA
19STCV09219,#/caseaccess/caseaccessdetail/19STCV09219/19STCV09219;CV;LA
19STCV10644,#/caseaccess/caseaccessdetail/19STCV10644/19STCV10644;CV;SS
19STCV11404,#/caseaccess/caseaccessdetail/19STCV11404/19STCV11404;CV;LA
19STCV11614,#/caseaccess/caseaccessdetail/19STCV11614/19STCV11614;CV;LA
19STCV12987,#/caseaccess/caseaccessdetail/19STCV12987/19STCV12987;CV;SS
19STCV14022,#/caseaccess/caseaccessdetail/19STCV14022/19STCV14022;CV;SS
19STCV14498,#/caseaccess/caseaccessdetail/19STCV14498/19STCV14498;CV;LA
19STCV16029,#/caseaccess/caseaccessdetail/19STCV16029/19STCV16029;CV;LA
19STCV17671,#/caseaccess/caseaccessdetail/19STCV17671/19STCV17671;CV;LA
19STCV22381,#/caseaccess/caseaccessdetail/19STCV22381/19STCV22381;CV;LA
19STCV22799,#/caseaccess/caseaccessdetail/19STCV22799/19STCV22799;CV;LA
19STCV25650,#/caseaccess/caseaccessdetail/19STCV25650/19STCV25650;CV;SS
19STCV25769,#/caseaccess/caseaccessdetail/19STCV25769/19STCV25769;CV;SM
19STCV25961,#/caseaccess/caseaccessdetail/19STCV25961/19STCV25961;CV;SS
19STCV26654,#/caseaccess/caseaccessdetail/19STCV26654/19STCV26654;CV;LA
19STCV26906,#/caseaccess/caseaccessdetail/19STCV26906/19STCV26906;CV;LA
19STCV29208,#/caseaccess/caseaccessdetail/19STCV29208/19STCV29208;CV;LA
19STCV29458,#/caseaccess/caseaccessdetail/19STCV29458/19STCV29458;CV;LA
19STCV30894,#/caseaccess/caseaccessdetail/19STCV30894/19STCV30894;CV;SS
19STCV30935,#/caseaccess/caseaccessdetail/19STCV30935/19STCV30935;CV;SS
19STCV31694,#/caseaccess/caseaccessdetail/19STCV31694/19STCV31694;CV;SS
19STCV32057,#/caseaccess/caseaccessdetail/19STCV32057/19STCV32057;CV;LA
19STCV32214,#/caseaccess/caseaccessdetail/19STCV32214/19STCV32214;CV;SM
19STCV32218,#/caseaccess/caseaccessdetail/19STCV32218/19STCV32218;CV;LA
19STCV32296,#/caseaccess/caseaccessdetail/19STCV32296/19STCV32296;CV;LA
19STCV32597,#/caseaccess/caseaccessdetail/19STCV32597/19STCV32597;CV;LA
19STCV33493,#/caseaccess/caseaccessdetail/19STCV33493/19STCV33493;CV;SS
19STCV34033,#/caseaccess/caseaccessdetail/19STCV34033/19STCV34033;CV;LA
19STCV35156,#/caseaccess/caseaccessdetail/19STCV35156/19STCV35156;CV;SS
19STCV35241,#/caseaccess/caseaccessdetail/19STCV35241/19STCV35241;CV;LA
19STCV35271,#/caseaccess/caseaccessdetail/19STCV35271/19STCV35271;CV;LA
19STCV35285,#/caseaccess/caseaccessdetail/19STCV35285/19STCV35285;CV;SM
19STCV35706,#/caseaccess/caseaccessdetail/19STCV35706/19STCV35706;CV;LA
19STCV35837,#/caseaccess/caseaccessdetail/19STCV35837/19STCV35837;CV;LA
19STCV36419,#/caseaccess/caseaccessdetail/19STCV36419/19STCV36419;CV;LA
19STCV37335,#/caseaccess/caseaccessdetail/19STCV37335/19STCV37335;CV;LA
19STCV37731,#/caseaccess/caseaccessdetail/19STCV37731/19STCV37731;CV;GLN
19STCV38839,#/caseaccess/caseaccessdetail/19STCV38839/19STCV38839;CV;LA
19STCV39123,#/caseaccess/caseaccessdetail/19STCV39123/19STCV39123;CV;LA
19STCV40025,#/caseaccess/caseaccessdetail/19STCV40025/19STCV40025;CV;LA
19STCV40934,#/caseaccess/caseaccessdetail/19STCV40934/19STCV40934;CV;LA
19STFL00492,#/caseaccess/caseaccessdetail/19STFL00492/19STFL00492;FL;LA
19STFL00532,#/caseaccess/caseaccessdetail/19STFL00532/19STFL00532;FL;LA
19STFL01298,#/caseaccess/caseaccessdetail/19STFL01298/19STFL01298;FL;LA
19STFL01525,#/caseaccess/caseaccessdetail/19STFL01525/19STFL01525;FL;LA
19STFL01826,#/caseaccess/caseaccessdetail/19STFL01826/19STFL01826;FL;LA
19STFL02520,#/caseaccess/caseaccessdetail/19STFL02520/19STFL02520;FL;LA
19STFL02893,#/caseaccess/caseaccessdetail/19STFL02893/19STFL02893;FL;LA
19STFL04077,#/caseaccess/caseaccessdetail/19STFL04077/19STFL04077;FL;LA
19STFL04737,#/caseaccess/caseaccessdetail/19STFL04737/19STFL04737;FL;LA
19STFL05526,#/caseaccess/caseaccessdetail/19STFL05526/19STFL05526;FL;LA
19STFL05750,#/caseaccess/caseaccessdetail/19STFL05750/19STFL05750;FL;LA
19STFL06253,#/caseaccess/caseaccessdetail/19STFL06253/19STFL06253;FL;LA
19STFL07076,#/caseaccess/caseaccessdetail/19STFL07076/19STFL07076;FL;LA
19STFL07893,#/caseaccess/caseaccessdetail/19STFL07893/19STFL07893;FL;LA
19STFL08172,#/caseaccess/caseaccessdetail/19STFL08172/19STFL08172;FL;LA
19STFL08194,#/caseaccess/caseaccessdetail/19STFL08194/19STFL08194;FL;LA
19STFL08663,#/caseaccess/caseaccessdetail/19STFL08663/19STFL08663;FL;LA
19STFL09487,#/caseaccess/caseaccessdetail/19STFL09487/19STFL09487;FL;LA
19STFL09508,#/caseaccess/caseaccessdetail/19STFL09508/19STFL09508;FL;LA
19STFL09948,#/caseaccess/caseaccessdetail/19STFL09948/19STFL09948;FL;LA
19STFL09986,#/caseaccess/caseaccessdetail/19STFL09986/19STFL09986;FL;LA
19STFL10035,#/caseaccess/caseaccessdetail/19STFL10035/19STFL10035;FL;LA
19STFL10192,#/caseaccess/caseaccessdetail/19STFL10192/19STFL10192;FL;LA
19STFL10418,#/caseaccess/caseaccessdetail/19STFL10418/19STFL10418;FL;LA
19STFL10736,#/caseaccess/caseaccessdetail/19STFL10736/19STFL10736;FL;LA
19STFL10893,#/caseaccess/caseaccessdetail/19STFL10893/19STFL10893;FL;LA
19STFL10966,#/caseaccess/caseaccessdetail/19STFL10966/19STFL10966;FL;LA
19STFL12680,#/caseaccess/caseaccessdetail/19STFL12680/19STFL12680;FL;LA
19STFL13235,#/caseaccess/caseaccessdetail/19STFL13235/19STFL13235;FL;LA
19STFL13249,#/caseaccess/caseaccessdetail/19STFL13249/19STFL13249;FL;LA
19STFL13699,#/caseaccess/caseaccessdetail/19STFL13699/19STFL13699;FL;LA
19STFL14012,#/caseaccess/caseaccessdetail/19STFL14012/19STFL14012;FL;LA
19STFL14316,#/caseaccess/caseaccessdetail/19STFL14316/19STFL14316;FL;LA
19STFL14519,#/caseaccess/caseaccessdetail/19STFL14519/19STFL14519;FL;LA
19STFL14642,#/caseaccess/caseaccessdetail/19STFL14642/19STFL14642;FL;LA
19STFL14663,#/caseaccess/caseaccessdetail/19STFL14663/19STFL14663;FL;LA
19STFL15176,#/caseaccess/caseaccessdetail/19STFL15176/19STFL15176;FL;LA
19STPB00975,#/caseaccess/caseaccessdetail/19STPB00975/19STPB00975;PR;LA
19STPB01851,#/caseaccess/caseaccessdetail/19STPB01851/19STPB01851;PR;LA
19STPB02626,#/caseaccess/caseaccessdetail/19STPB02626/19STPB02626;PR;LA
19STPB03030,#/caseaccess/caseaccessdetail/19STPB03030/19STPB03030;PR;LA
19STPB03034,#/caseaccess/caseaccessdetail/19STPB03034/19STPB03034;PR;LA
19STPB03883,#/caseaccess/caseaccessdetail/19STPB03883/19STPB03883;PR;LA
19STPB04007,#/caseaccess/caseaccessdetail/19STPB04007/19STPB04007;PR;LA
19STPB04156,#/caseaccess/caseaccessdetail/19STPB04156/19STPB04156;PR;LA
19STPB04407,#/caseaccess/caseaccessdetail/19STPB04407/19STPB04407;PR;LA
19STPB06564,#/caseaccess/caseaccessdetail/19STPB06564/19STPB06564;PR;LA
19STPB08107,#/caseaccess/caseaccessdetail/19STPB08107/19STPB08107;PR;LA
19STRO01094,#/caseaccess/caseaccessdetail/19STRO01094/19STRO01094;FL;LA
19STRO01411,#/caseaccess/caseaccessdetail/19STRO01411/19STRO01411;FL;LA
19STRO01523,#/caseaccess/caseaccessdetail/19STRO01523/19STRO01523;FL;LA
19STRO01554,#/caseaccess/caseaccessdetail/19STRO01554/19STRO01554;FL;LA
19STRO02107,#/caseaccess/caseaccessdetail/19STRO02107/19STRO02107;FL;LA
19STRO02673,#/caseaccess/caseaccessdetail/19STRO02673/19STRO02673;FL;LA
19STRO03041,#/caseaccess/caseaccessdetail/19STRO03041/19STRO03041;FL;LA
19STRO04423,#/caseaccess/caseaccessdetail/19STRO04423/19STRO04423;FL;LA
19STRO05438,#/caseaccess/caseaccessdetail/19STRO05438/19STRO05438;FL;LA
19STRO06075,#/caseaccess/caseaccessdetail/19STRO06075/19STRO06075;FL;LA
19STRO06637,#/caseaccess/caseaccessdetail/19STRO06637/19STRO06637;FL;LA
19STRO06778,#/caseaccess/caseaccessdetail/19STRO06778/19STRO06778;FL;LA
19STRO06939,#/caseaccess/caseaccessdetail/19STRO06939/19STRO06939;FL;LA
19STRO07064,#/caseaccess/caseaccessdetail/19STRO07064/19STRO07064;FL;LA
19STRO07567,#/caseaccess/caseaccessdetail/19STRO07567/19STRO07567;FL;LA
19STRO07594,#/caseaccess/caseaccessdetail/19STRO07594/19STRO07594;FL;LA
19STRO08667,#/caseaccess/caseaccessdetail/19STRO08667/19STRO08667;FL;LA
19VECV00110,#/caseaccess/caseaccessdetail/19VECV00110/19VECV00110;CV;NW
19VEFL01266,#/caseaccess/caseaccessdetail/19VEFL01266/19VEFL01266;FL;NW
19VEFL01790,#/caseaccess/caseaccessdetail/19VEFL01790/19VEFL01790;FL;NW
19VERO00189,#/caseaccess/caseaccessdetail/19VERO00189/19VERO00189;FL;NW
19VERO00200,#/caseaccess/caseaccessdetail/19VERO00200/19VERO00200;FL;NW
19VERO00464,#/caseaccess/caseaccessdetail/19VERO00464/19VERO00464;FL;NW
19VERO00737,#/caseaccess/caseaccessdetail/19VERO00737/19VERO00737;FL;NW
19VERO00946,#/caseaccess/caseaccessdetail/19VERO00946/19VERO00946;FL;NW
19VERO01424,#/caseaccess/caseaccessdetail/19VERO01424/19VERO01424;FL;NW
19VERO01444,#/caseaccess/caseaccessdetail/19VERO01444/19VERO01444;FL;NW
20BBCV00472,#/caseaccess/caseaccessdetail/20BBCV00472/20BBCV00472;CV;BUR
20CHRO00791,#/caseaccess/caseaccessdetail/20CHRO00791/20CHRO00791;FL;CHA
20CHRO00801,#/caseaccess/caseaccessdetail/20CHRO00801/20CHRO00801;FL;CHA
20CHRO01428,#/caseaccess/caseaccessdetail/20CHRO01428/20CHRO01428;FL;CHA
20CHRO01640,#/caseaccess/caseaccessdetail/20CHRO01640/20CHRO01640;FL;CHA
20PDRO00577,#/caseaccess/caseaccessdetail/20PDRO00577/20PDRO00577;FL;PAS
20SMCV00650,#/caseaccess/caseaccessdetail/20SMCV00650/20SMCV00650;CV;SM
20SMCV00975,#/caseaccess/caseaccessdetail/20SMCV00975/20SMCV00975;CV;SM
20SMCV01630,#/caseaccess/caseaccessdetail/20SMCV01630/20SMCV01630;CV;SM
20SMCV01766,#/caseaccess/caseaccessdetail/20SMCV01766/20SMCV01766;CV;SM
20SMCV02014,#/caseaccess/caseaccessdetail/20SMCV02014/20SMCV02014;CV;SM
20SMRO00179,#/caseaccess/caseaccessdetail/20SMRO00179/20SMRO00179;FL;SM
20STCV01961,#/caseaccess/caseaccessdetail/20STCV01961/20STCV01961;CV;LA
20STCV03819,#/caseaccess/caseaccessdetail/20STCV03819/20STCV03819;CV;SM
20STCV04212,#/caseaccess/caseaccessdetail/20STCV04212/20STCV04212;CV;LA
20STCV04924,#/caseaccess/caseaccessdetail/20STCV04924/20STCV04924;CV;LA
20STCV05242,#/caseaccess/caseaccessdetail/20STCV05242/20STCV05242;CV;LA
20STCV06336,#/caseaccess/caseaccessdetail/20STCV06336/20STCV06336;CV;LA
20STCV06419,#/caseaccess/caseaccessdetail/20STCV06419/20STCV06419;CV;LA
20STCV07031,#/caseaccess/caseaccessdetail/20STCV07031/20STCV07031;CV;ALH
20STCV07492,#/caseaccess/caseaccessdetail/20STCV07492/20STCV07492;CV;NW
20STCV09812,#/caseaccess/caseaccessdetail/20STCV09812/20STCV09812;CV;LA
20STCV10748,#/caseaccess/caseaccessdetail/20STCV10748/20STCV10748;CV;SS
20STCV10909,#/caseaccess/caseaccessdetail/20STCV10909/20STCV10909;CV;LA
20STCV13910,#/caseaccess/caseaccessdetail/20STCV13910/20STCV13910;CV;NW
20STCV14383,#/caseaccess/caseaccessdetail/20STCV14383/20STCV14383;CV;LA
20STCV14478,#/caseaccess/caseaccessdetail/20STCV14478/20STCV14478;CV;LA
20STCV14963,#/caseaccess/caseaccessdetail/20STCV14963/20STCV14963;CV;NW
20STCV14973,#/caseaccess/caseaccessdetail/20STCV14973/20STCV14973;CV;NW
20STCV15300,#/caseaccess/caseaccessdetail/20STCV15300/20STCV15300;CV;LA
20STCV16533,#/caseaccess/caseaccessdetail/20STCV16533/20STCV16533;CV;NW
20STCV17897,#/caseaccess/caseaccessdetail/20STCV17897/20STCV17897;CV;NW
20STCV18800,#/caseaccess/caseaccessdetail/20STCV18800/20STCV18800;CV;LA
20STCV19717,#/caseaccess/caseaccessdetail/20STCV19717/20STCV19717;CV;NW
20STCV20510,#/caseaccess/caseaccessdetail/20STCV20510/20STCV20510;CV;LA
20STCV20676,#/caseaccess/caseaccessdetail/20STCV20676/20STCV20676;CV;SM
20STCV22421,#/caseaccess/caseaccessdetail/20STCV22421/20STCV22421;%5EC;SS
20STCV23760,#/caseaccess/caseaccessdetail/20STCV23760/20STCV23760;CV;LA
20STCV24100,#/caseaccess/caseaccessdetail/20STCV24100/20STCV24100;CV;LA
20STCV24866,#/caseaccess/caseaccessdetail/20STCV24866/20STCV24866;CV;SS
20STCV25549,#/caseaccess/caseaccessdetail/20STCV25549/20STCV25549;CV;LA
20STCV26420,#/caseaccess/caseaccessdetail/20STCV26420/20STCV26420;CV;SS
20STCV29465,#/caseaccess/caseaccessdetail/20STCV29465/20STCV29465;CV;NW
20STCV31684,#/caseaccess/caseaccessdetail/20STCV31684/20STCV31684;CV;SS
20STCV34550,#/caseaccess/caseaccessdetail/20STCV34550/20STCV34550;CV;LA
20STCV34596,#/caseaccess/caseaccessdetail/20STCV34596/20STCV34596;CV;LA
20STCV34846,#/caseaccess/caseaccessdetail/20STCV34846/20STCV34846;CV;LA
20STCV35750,#/caseaccess/caseaccessdetail/20STCV35750/20STCV35750;CV;LA
20STCV35884,#/caseaccess/caseaccessdetail/20STCV35884/20STCV35884;CV;LA
20STCV37081,#/caseaccess/caseaccessdetail/20STCV37081/20STCV37081;CV;LA
20STCV40118,#/caseaccess/caseaccessdetail/20STCV40118/20STCV40118;CV;LA
20STCV41573,#/caseaccess/caseaccessdetail/20STCV41573/20STCV41573;CV;SS
20STCV42910,#/caseaccess/caseaccessdetail/20STCV42910/20STCV42910;CV;SS
20STCV44903,#/caseaccess/caseaccessdetail/20STCV44903/20STCV44903;CV;SS
20STCV46427,#/caseaccess/caseaccessdetail/20STCV46427/20STCV46427;CV;LA
20STCV47346,#/caseaccess/caseaccessdetail/20STCV47346/20STCV47346;CV;LA
20STCV47423,#/caseaccess/caseaccessdetail/20STCV47423/20STCV47423;CV;SS
20STCV47437,#/caseaccess/caseaccessdetail/20STCV47437/20STCV47437;CV;NW
20STCV47642,#/caseaccess/caseaccessdetail/20STCV47642/20STCV47642;CV;LA
20STCV47657,#/caseaccess/caseaccessdetail/20STCV47657/20STCV47657;CV;LA
20STCV47671,#/caseaccess/caseaccessdetail/20STCV47671/20STCV47671;CV;LA
20STCV47790,#/caseaccess/caseaccessdetail/20STCV47790/20STCV47790;CV;NW
20STCV47823,#/caseaccess/caseaccessdetail/20STCV47823/20STCV47823;CV;SS
20STCV48132,#/caseaccess/caseaccessdetail/20STCV48132/20STCV48132;CV;SS
20STCV48179,#/caseaccess/caseaccessdetail/20STCV48179/20STCV48179;CV;LA
20STCV48614,#/caseaccess/caseaccessdetail/20STCV48614/20STCV48614;CV;SS
20STCV48797,#/caseaccess/caseaccessdetail/20STCV48797/20STCV48797;CV;LA
20STFL00070,#/caseaccess/caseaccessdetail/20STFL00070/20STFL00070;FL;LA
20STFL00180,#/caseaccess/caseaccessdetail/20STFL00180/20STFL00180;FL;LA
20STFL00425,#/caseaccess/caseaccessdetail/20STFL00425/20STFL00425;FL;LA
20STFL01494,#/caseaccess/caseaccessdetail/20STFL01494/20STFL01494;FL;LA
20STFL03210,#/caseaccess/caseaccessdetail/20STFL03210/20STFL03210;FL;LA
20STFL03390,#/caseaccess/caseaccessdetail/20STFL03390/20STFL03390;FL;LA
20STFL03780,#/caseaccess/caseaccessdetail/20STFL03780/20STFL03780;FL;LA
20STFL03782,#/caseaccess/caseaccessdetail/20STFL03782/20STFL03782;FL;LA
20STFL03986,#/caseaccess/caseaccessdetail/20STFL03986/20STFL03986;FL;LA
20STFL04184,#/caseaccess/caseaccessdetail/20STFL04184/20STFL04184;FL;LA
20STFL04665,#/caseaccess/caseaccessdetail/20STFL04665/20STFL04665;FL;LA
20STFL04891,#/caseaccess/caseaccessdetail/20STFL04891/20STFL04891;FL;LA
20STFL05624,#/caseaccess/caseaccessdetail/20STFL05624/20STFL05624;FL;LA
20STFL05778,#/caseaccess/caseaccessdetail/20STFL05778/20STFL05778;FL;LA
20STFL05950,#/caseaccess/caseaccessdetail/20STFL05950/20STFL05950;FL;LA
20STFL06142,#/caseaccess/caseaccessdetail/20STFL06142/20STFL06142;FL;LA
20STFL06309,#/caseaccess/caseaccessdetail/20STFL06309/20STFL06309;FL;LA
20STFL06370,#/caseaccess/caseaccessdetail/20STFL06370/20STFL06370;FL;LA
20STFL06416,#/caseaccess/caseaccessdetail/20STFL06416/20STFL06416;FL;LA
20STFL06874,#/caseaccess/caseaccessdetail/20STFL06874/20STFL06874;FL;LA
20STFL08089,#/caseaccess/caseaccessdetail/20STFL08089/20STFL08089;FL;LA
20STFL08907,#/caseaccess/caseaccessdetail/20STFL08907/20STFL08907;FL;LA
20STFL10482,#/caseaccess/caseaccessdetail/20STFL10482/20STFL10482;FL;LA
20STFL10957,#/caseaccess/caseaccessdetail/20STFL10957/20STFL10957;FL;LA
20STFL11009,#/caseaccess/caseaccessdetail/20STFL11009/20STFL11009;FL;LA
20STFL11050,#/caseaccess/caseaccessdetail/20STFL11050/20STFL11050;FL;LA
20STFL11707,#/caseaccess/caseaccessdetail/20STFL11707/20STFL11707;FL;LA
20STFL11987,#/caseaccess/caseaccessdetail/20STFL11987/20STFL11987;FL;LA
20STFL12819,#/caseaccess/caseaccessdetail/20STFL12819/20STFL12819;FL;LA
20STPB01437,#/caseaccess/caseaccessdetail/20STPB01437/20STPB01437;PR;LA
20STPB02412,#/caseaccess/caseaccessdetail/20STPB02412/20STPB02412;PR;LA
20STPB02626,#/caseaccess/caseaccessdetail/20STPB02626/20STPB02626;PR;LA
20STPB07472,#/caseaccess/caseaccessdetail/20STPB07472/20STPB07472;PR;LA
20STPB07489,#/caseaccess/caseaccessdetail/20STPB07489/20STPB07489;PR;LA
20STPB08550,#/caseaccess/caseaccessdetail/20STPB08550/20STPB08550;PR;LA
20STPB08556,#/caseaccess/caseaccessdetail/20STPB08556/20STPB08556;PR;LA
20STPB09565,#/caseaccess/caseaccessdetail/20STPB09565/20STPB09565;PR;LA
20STPB09614,#/caseaccess/caseaccessdetail/20STPB09614/20STPB09614;PR;LA
20STPB09888,#/caseaccess/caseaccessdetail/20STPB09888/20STPB09888;PR;LA
20STPB10796,#/caseaccess/caseaccessdetail/20STPB10796/20STPB10796;PR;LA
20STRO01423,#/caseaccess/caseaccessdetail/20STRO01423/20STRO01423;FL;LA
20STRO01870,#/caseaccess/caseaccessdetail/20STRO01870/20STRO01870;FL;LA
20STRO01871,#/caseaccess/caseaccessdetail/20STRO01871/20STRO01871;FL;LA
20STRO01921,#/caseaccess/caseaccessdetail/20STRO01921/20STRO01921;FL;LA
20STRO02450,#/caseaccess/caseaccessdetail/20STRO02450/20STRO02450;FL;LA
20STRO02552,#/caseaccess/caseaccessdetail/20STRO02552/20STRO02552;FL;LA
20STRO02841,#/caseaccess/caseaccessdetail/20STRO02841/20STRO02841;FL;LA
20STRO03085,#/caseaccess/caseaccessdetail/20STRO03085/20STRO03085;FL;LA
20STRO03591,#/caseaccess/caseaccessdetail/20STRO03591/20STRO03591;FL;LA
20STRO03626,#/caseaccess/caseaccessdetail/20STRO03626/20STRO03626;FL;LA
20STRO04121,#/caseaccess/caseaccessdetail/20STRO04121/20STRO04121;FL;LA
20STRO04550,#/caseaccess/caseaccessdetail/20STRO04550/20STRO04550;FL;LA
20STRO04580,#/caseaccess/caseaccessdetail/20STRO04580/20STRO04580;FL;LA
20STRO04869,#/caseaccess/caseaccessdetail/20STRO04869/20STRO04869;FL;LA
20STRO04917,#/caseaccess/caseaccessdetail/20STRO04917/20STRO04917;FL;LA
20STRO05034,#/caseaccess/caseaccessdetail/20STRO05034/20STRO05034;FL;LA
20STRO05037,#/caseaccess/caseaccessdetail/20STRO05037/20STRO05037;FL;LA
20STRO05353,#/caseaccess/caseaccessdetail/20STRO05353/20STRO05353;FL;LA
20STRO05792,#/caseaccess/caseaccessdetail/20STRO05792/20STRO05792;FL;LA
20STRO05818,#/caseaccess/caseaccessdetail/20STRO05818/20STRO05818;FL;LA
20STRO05862,#/caseaccess/caseaccessdetail/20STRO05862/20STRO05862;FL;LA
20STRO06161,#/caseaccess/caseaccessdetail/20STRO06161/20STRO06161;FL;LA
20STRO06258,#/caseaccess/caseaccessdetail/20STRO06258/20STRO06258;FL;LA
20STRO06452,#/caseaccess/caseaccessdetail/20STRO06452/20STRO06452;FL;LA
20STRO06501,#/caseaccess/caseaccessdetail/20STRO06501/20STRO06501;FL;LA
20STRO06666,#/caseaccess/caseaccessdetail/20STRO06666/20STRO06666;FL;LA
20STRO06962,#/caseaccess/caseaccessdetail/20STRO06962/20STRO06962;FL;LA
20VECV00684,#/caseaccess/caseaccessdetail/20VECV00684/20VECV00684;CV;NW
20VECV00721,#/caseaccess/caseaccessdetail/20VECV00721/20VECV00721;CV;NW
20VERO00525,#/caseaccess/caseaccessdetail/20VERO00525/20VERO00525;FL;NW
20VERO00867,#/caseaccess/caseaccessdetail/20VERO00867/20VERO00867;FL;NW
20VERO00930,#/caseaccess/caseaccessdetail/20VERO00930/20VERO00930;FL;NW
21CHRO00355,#/caseaccess/caseaccessdetail/21CHRO00355/21CHRO00355;FL;CHA
21PDRO00081,#/caseaccess/caseaccessdetail/21PDRO00081/21PDRO00081;FL;PAS
21STCV02566,#/caseaccess/caseaccessdetail/21STCV02566/21STCV02566;CV;SM
21STCV07006,#/caseaccess/caseaccessdetail/21STCV07006/21STCV07006;CV;LA
21STCV07836,#/caseaccess/caseaccessdetail/21STCV07836/21STCV07836;CV;LA
21STCV07879,#/caseaccess/caseaccessdetail/21STCV07879/21STCV07879;CV;LA
21STCV08617,#/caseaccess/caseaccessdetail/21STCV08617/21STCV08617;CV;SM
21STCV11877,#/caseaccess/caseaccessdetail/21STCV11877/21STCV11877;CV;SS
21STCV13947,#/caseaccess/caseaccessdetail/21STCV13947/21STCV13947;CV;NW
21STFL00734,#/caseaccess/caseaccessdetail/21STFL00734/21STFL00734;FL;LA
21STFL00741,#/caseaccess/caseaccessdetail/21STFL00741/21STFL00741;FL;LA
21STFL01025,#/caseaccess/caseaccessdetail/21STFL01025/21STFL01025;FL;LA
21STFL01591,#/caseaccess/caseaccessdetail/21STFL01591/21STFL01591;FL;LA
21STFL01620,#/caseaccess/caseaccessdetail/21STFL01620/21STFL01620;FL;LA
21STFL01626,#/caseaccess/caseaccessdetail/21STFL01626/21STFL01626;FL;LA
21STFL01641,#/caseaccess/caseaccessdetail/21STFL01641/21STFL01641;FL;LA
21STFL01665,#/caseaccess/caseaccessdetail/21STFL01665/21STFL01665;FL;LA
21STFL01704,#/caseaccess/caseaccessdetail/21STFL01704/21STFL01704;FL;LA
21STFL02933,#/caseaccess/caseaccessdetail/21STFL02933/21STFL02933;FL;LA
21STPB00413,#/caseaccess/caseaccessdetail/21STPB00413/21STPB00413;PR;LA
21STPB01218,#/caseaccess/caseaccessdetail/21STPB01218/21STPB01218;PR;LA
21STRO00018,#/caseaccess/caseaccessdetail/21STRO00018/21STRO00018;FL;LA
21STRO00150,#/caseaccess/caseaccessdetail/21STRO00150/21STRO00150;FL;LA
21STRO00151,#/caseaccess/caseaccessdetail/21STRO00151/21STRO00151;FL;LA
21STRO00358,#/caseaccess/caseaccessdetail/21STRO00358/21STRO00358;FL;LA
21STRO00694,#/caseaccess/caseaccessdetail/21STRO00694/21STRO00694;FL;LA
21STRO00726,#/caseaccess/caseaccessdetail/21STRO00726/21STRO00726;FL;LA
21STRO01224,#/caseaccess/caseaccessdetail/21STRO01224/21STRO01224;FL;LA
21STRO01225,#/caseaccess/caseaccessdetail/21STRO01225/21STRO01225;FL;LA
21STRO01499,#/caseaccess/caseaccessdetail/21STRO01499/21STRO01499;FL;LA
21STRO01553,#/caseaccess/caseaccessdetail/21STRO01553/21STRO01553;FL;LA
21STRO01737,#/caseaccess/caseaccessdetail/21STRO01737/21STRO01737;FL;LA
21VERO00236,#/caseaccess/caseaccessdetail/21VERO00236/21VERO00236;FL;NW
BC508502,#/caseaccess/caseaccessdetail/BC508502/BC508502;CV;WE
BC522548,#/caseaccess/caseaccessdetail/BC522548/BC522548;CV;LA
BC535745,#/caseaccess/caseaccessdetail/BC535745/BC535745;CV;LA
BC545264,#/caseaccess/caseaccessdetail/BC545264/BC545264;CV;BH
BC555566,#/caseaccess/caseaccessdetail/BC555566/BC555566;CV;LA
BC597418,#/caseaccess/caseaccessdetail/BC597418/BC597418;CV;WE
BC602512,#/caseaccess/caseaccessdetail/BC602512/BC602512;CV;LA
BC619164,#/caseaccess/caseaccessdetail/BC619164/BC619164;CV;LA
BC643000,#/caseaccess/caseaccessdetail/BC643000/BC643000;CV;LA
BC649519,#/caseaccess/caseaccessdetail/BC649519/BC649519;CV;LA
BC649756,#/caseaccess/caseaccessdetail/BC649756/BC649756;CV;NW
BC650580,#/caseaccess/caseaccessdetail/BC650580/BC650580;CV;LA
BC651863,#/caseaccess/caseaccessdetail/BC651863/BC651863;CV;LA
BC658783,#/caseaccess/caseaccessdetail/BC658783/BC658783;CV;LA
BC659864,#/caseaccess/caseaccessdetail/BC659864/BC659864;CV;LA
BC660633,#/caseaccess/caseaccessdetail/BC660633/BC660633;CV;LA
BC663207,#/caseaccess/caseaccessdetail/BC663207/BC663207;CV;NCB
BC664097,#/caseaccess/caseaccessdetail/BC664097/BC664097;CV;LA
BC664465,#/caseaccess/caseaccessdetail/BC664465/BC664465;CV;LA
BC664945,#/caseaccess/caseaccessdetail/BC664945/BC664945;CV;SM
BC666206,#/caseaccess/caseaccessdetail/BC666206/BC666206;CV;LA
BC669532,#/caseaccess/caseaccessdetail/BC669532/BC669532;CV;LA
BC671246,#/caseaccess/caseaccessdetail/BC671246/BC671246;CV;LA
BC671312,#/caseaccess/caseaccessdetail/BC671312/BC671312;CV;LA
BC673736,#/caseaccess/caseaccessdetail/BC673736/BC673736;CV;LA
BC675424,#/caseaccess/caseaccessdetail/BC675424/BC675424;CV;LA
BC676039,#/caseaccess/caseaccessdetail/BC676039/BC676039;CV;LA
BC676635,#/caseaccess/caseaccessdetail/BC676635/BC676635;CV;LA
BC677472,#/caseaccess/caseaccessdetail/BC677472/BC677472;CV;LA
BC678014,#/caseaccess/caseaccessdetail/BC678014/BC678014;CV;LA
BC678521,#/caseaccess/caseaccessdetail/BC678521/BC678521;CV;LA
BC679011,#/caseaccess/caseaccessdetail/BC679011/BC679011;CV;SM
BC679049,#/caseaccess/caseaccessdetail/BC679049/BC679049;CV;LA
BC680035,#/caseaccess/caseaccessdetail/BC680035/BC680035;CV;LA
BC680066,#/caseaccess/caseaccessdetail/BC680066/BC680066;CV;LA
BC680415,#/caseaccess/caseaccessdetail/BC680415/BC680415;CV;LA
BC680646,#/caseaccess/caseaccessdetail/BC680646/BC680646;CV;LA
BC681491,#/caseaccess/caseaccessdetail/BC681491/BC681491;CV;LA
BC682653,#/caseaccess/caseaccessdetail/BC682653/BC682653;CV;LA
BC684716,#/caseaccess/caseaccessdetail/BC684716/BC684716;CV;LA
BC685310,#/caseaccess/caseaccessdetail/BC685310/BC685310;CV;LA
BC685511,#/caseaccess/caseaccessdetail/BC685511/BC685511;CV;LA
BC687815,#/caseaccess/caseaccessdetail/BC687815/BC687815;CV;LA
BC688335,#/caseaccess/caseaccessdetail/BC688335/BC688335;CV;LA
BC689424,#/caseaccess/caseaccessdetail/BC689424/BC689424;CV;LA
BC690564,#/caseaccess/caseaccessdetail/BC690564/BC690564;CV;LA
BC690902,#/caseaccess/caseaccessdetail/BC690902/BC690902;CV;LA
BC691026,#/caseaccess/caseaccessdetail/BC691026/BC691026;CV;LA
BC692372,#/caseaccess/caseaccessdetail/BC692372/BC692372;CV;LA
BC693636,#/caseaccess/caseaccessdetail/BC693636/BC693636;CV;LA
BC695621,#/caseaccess/caseaccessdetail/BC695621/BC695621;CV;LA
BC696568,#/caseaccess/caseaccessdetail/BC696568/BC696568;CV;LA
BC697116,#/caseaccess/caseaccessdetail/BC697116/BC697116;CV;LA
BC697611,#/caseaccess/caseaccessdetail/BC697611/BC697611;CV;LA
BC699005,#/caseaccess/caseaccessdetail/BC699005/BC699005;CV;LA
BC699092,#/caseaccess/caseaccessdetail/BC699092/BC699092;CV;WE
BC699288,#/caseaccess/caseaccessdetail/BC699288/BC699288;CV;WE
BC699288,#/caseaccess/caseaccessdetail/BC699288/BC699288;CV;WE
BC701284,#/caseaccess/caseaccessdetail/BC701284/BC701284;CV;LA
BC701302,#/caseaccess/caseaccessdetail/BC701302/BC701302;CV;LA
BC703984,#/caseaccess/caseaccessdetail/BC703984/BC703984;CV;LA
BC704164,#/caseaccess/caseaccessdetail/BC704164/BC704164;CV;LA
BC704539,#/caseaccess/caseaccessdetail/BC704539/BC704539;CV;LA
BC704628,#/caseaccess/caseaccessdetail/BC704628/BC704628;CV;LA
BC705683,#/caseaccess/caseaccessdetail/BC705683/BC705683;CV;LA
BC705857,#/caseaccess/caseaccessdetail/BC705857/BC705857;CV;LA
BC705874,#/caseaccess/caseaccessdetail/BC705874/BC705874;CV;LA
BC705954,#/caseaccess/caseaccessdetail/BC705954/BC705954;CV;SS
BC705961,#/caseaccess/caseaccessdetail/BC705961/BC705961;CV;LA
BC706521,#/caseaccess/caseaccessdetail/BC706521/BC706521;CV;LA
BC707927,#/caseaccess/caseaccessdetail/BC707927/BC707927;CV;LA
BC708415,#/caseaccess/caseaccessdetail/BC708415/BC708415;CV;SM
BC708676,#/caseaccess/caseaccessdetail/BC708676/BC708676;CV;LA
BC708736,#/caseaccess/caseaccessdetail/BC708736/BC708736;CV;LA
BC708748,#/caseaccess/caseaccessdetail/BC708748/BC708748;CV;LA
BC708818,#/caseaccess/caseaccessdetail/BC708818/BC708818;CV;LA
BC709946,#/caseaccess/caseaccessdetail/BC709946/BC709946;CV;LA
BC710699,#/caseaccess/caseaccessdetail/BC710699/BC710699;CV;LA
BC710979,#/caseaccess/caseaccessdetail/BC710979/BC710979;CV;LA
BC712022,#/caseaccess/caseaccessdetail/BC712022/BC712022;CV;SS
BC712569,#/caseaccess/caseaccessdetail/BC712569/BC712569;CV;SS
BC713123,#/caseaccess/caseaccessdetail/BC713123/BC713123;CV;LA
BC714295,#/caseaccess/caseaccessdetail/BC714295/BC714295;CV;LA
BC714312,#/caseaccess/caseaccessdetail/BC714312/BC714312;CV;LA
BC714313,#/caseaccess/caseaccessdetail/BC714313/BC714313;CV;LA
BC715188,#/caseaccess/caseaccessdetail/BC715188/BC715188;CV;LA
BC715870,#/caseaccess/caseaccessdetail/BC715870/BC715870;CV;SM
BC717798,#/caseaccess/caseaccessdetail/BC717798/BC717798;CV;LA
BC718291,#/caseaccess/caseaccessdetail/BC718291/BC718291;CV;SS
BC719271,#/caseaccess/caseaccessdetail/BC719271/BC719271;CV;LA
BC719580,#/caseaccess/caseaccessdetail/BC719580/BC719580;CV;SS
BC720066,#/caseaccess/caseaccessdetail/BC720066/BC720066;CV;LA
BC721989,#/caseaccess/caseaccessdetail/BC721989/BC721989;CV;LA
BC722397,#/caseaccess/caseaccessdetail/BC722397/BC722397;CV;SM
BC723568,#/caseaccess/caseaccessdetail/BC723568/BC723568;CV;LA
BD425569,#/caseaccess/caseaccessdetail/BD425569/BD425569;FL;LA
BD438865,#/caseaccess/caseaccessdetail/BD438865/BD438865;FL;LA
BD438888,#/caseaccess/caseaccessdetail/BD438888/BD438888;FL;LA
BD445140,#/caseaccess/caseaccessdetail/BD445140/BD445140;FL;LA
BD455802,#/caseaccess/caseaccessdetail/BD455802/BD455802;FL;LA
BD456354,#/caseaccess/caseaccessdetail/BD456354/BD456354;FL;LA
BD494808,#/caseaccess/caseaccessdetail/BD494808/BD494808;FL;LA
BD505005,#/caseaccess/caseaccessdetail/BD505005/BD505005;FL;LA
BD505055,#/caseaccess/caseaccessdetail/BD505055/BD505055;FL;LAM
BD534282,#/caseaccess/caseaccessdetail/BD534282/BD534282;FL;LA
BD534286,#/caseaccess/caseaccessdetail/BD534286/BD534286;FL;LAM
BD537712,#/caseaccess/caseaccessdetail/BD537712/BD537712;FL;LA
BD538616,#/caseaccess/caseaccessdetail/BD538616/BD538616;FL;LA
BD540260,#/caseaccess/caseaccessdetail/BD540260/BD540260;FL;LA
BD547043,#/caseaccess/caseaccessdetail/BD547043/BD547043;FL;LA
BD562354,#/caseaccess/caseaccessdetail/BD562354/BD562354;FL;LA
BD562379,#/caseaccess/caseaccessdetail/BD562379/BD562379;FL;LA
BD565528,#/caseaccess/caseaccessdetail/BD565528/BD565528;FL;LA
BD565607,#/caseaccess/caseaccessdetail/BD565607/BD565607;FL;LA
BD567391,#/caseaccess/caseaccessdetail/BD567391/BD567391;FL;LA
BD567811,#/caseaccess/caseaccessdetail/BD567811/BD567811;FL;LA
BD568198,#/caseaccess/caseaccessdetail/BD568198/BD568198;FL;LA
BD571584,#/caseaccess/caseaccessdetail/BD571584/BD571584;FL;LA
BD576767,#/caseaccess/caseaccessdetail/BD576767/BD576767;FL;LA
BD584404,#/caseaccess/caseaccessdetail/BD584404/BD584404;FL;LA
BD586850,#/caseaccess/caseaccessdetail/BD586850/BD586850;FL;LA
BD590629,#/caseaccess/caseaccessdetail/BD590629/BD590629;FL;LA
BD596494,#/caseaccess/caseaccessdetail/BD596494/BD596494;FL;LA
BD597593,#/caseaccess/caseaccessdetail/BD597593/BD597593;FL;LA
BD600042,#/caseaccess/caseaccessdetail/BD600042/BD600042;FL;LA
BD600307,#/caseaccess/caseaccessdetail/BD600307/BD600307;FL;LA
BD600930,#/caseaccess/caseaccessdetail/BD600930/BD600930;FL;LA
BD600943,#/caseaccess/caseaccessdetail/BD600943/BD600943;FL;LA
BD602059,#/caseaccess/caseaccessdetail/BD602059/BD602059;FL;LA
BD602242,#/caseaccess/caseaccessdetail/BD602242/BD602242;FL;LA
BD602801,#/caseaccess/caseaccessdetail/BD602801/BD602801;FL;LA
BD603076,#/caseaccess/caseaccessdetail/BD603076/BD603076;FL;LA
BD604070,#/caseaccess/caseaccessdetail/BD604070/BD604070;FL;LA
BD607674,#/caseaccess/caseaccessdetail/BD607674/BD607674;FL;LA
BD607732,#/caseaccess/caseaccessdetail/BD607732/BD607732;FL;LA
BD608535,#/caseaccess/caseaccessdetail/BD608535/BD608535;FL;LA
BD608556,#/caseaccess/caseaccessdetail/BD608556/BD608556;FL;LA
BD608924,#/caseaccess/caseaccessdetail/BD608924/BD608924;FL;LA
BD609292,#/caseaccess/caseaccessdetail/BD609292/BD609292;FL;LA
BD609865,#/caseaccess/caseaccessdetail/BD609865/BD609865;FL;LA
BD611435,#/caseaccess/caseaccessdetail/BD611435/BD611435;FL;LA
BD612249,#/caseaccess/caseaccessdetail/BD612249/BD612249;FL;LA
BD612569,#/caseaccess/caseaccessdetail/BD612569/BD612569;FL;LA
BD613397,#/caseaccess/caseaccessdetail/BD613397/BD613397;FL;LA
BD613808,#/caseaccess/caseaccessdetail/BD613808/BD613808;FL;LA
BD616120,#/caseaccess/caseaccessdetail/BD616120/BD616120;FL;LA
BD616136,#/caseaccess/caseaccessdetail/BD616136/BD616136;FL;LA
BD616606,#/caseaccess/caseaccessdetail/BD616606/BD616606;FL;LA
BD618451,#/caseaccess/caseaccessdetail/BD618451/BD618451;FL;LA
BD619327,#/caseaccess/caseaccessdetail/BD619327/BD619327;FL;LAM
BD622305,#/caseaccess/caseaccessdetail/BD622305/BD622305;FL;LA
BD623884,#/caseaccess/caseaccessdetail/BD623884/BD623884;FL;LA
BD625045,#/caseaccess/caseaccessdetail/BD625045/BD625045;FL;LA
BD625489,#/caseaccess/caseaccessdetail/BD625489/BD625489;FL;LA
BD625743,#/caseaccess/caseaccessdetail/BD625743/BD625743;FL;LA
BD626803,#/caseaccess/caseaccessdetail/BD626803/BD626803;FL;LA
BD626874,#/caseaccess/caseaccessdetail/BD626874/BD626874;FL;LA
BD627364,#/caseaccess/caseaccessdetail/BD627364/BD627364;FL;LA
BD627469,#/caseaccess/caseaccessdetail/BD627469/BD627469;FL;LAM
BD627722,#/caseaccess/caseaccessdetail/BD627722/BD627722;FL;LA
BD628358,#/caseaccess/caseaccessdetail/BD628358/BD628358;FL;LA
BD629585,#/caseaccess/caseaccessdetail/BD629585/BD629585;FL;LA
BD629604,#/caseaccess/caseaccessdetail/BD629604/BD629604;FL;LA
BD630593,#/caseaccess/caseaccessdetail/BD630593/BD630593;FL;LA
BD631797,#/caseaccess/caseaccessdetail/BD631797/BD631797;FL;LA
BD631998,#/caseaccess/caseaccessdetail/BD631998/BD631998;FL;LA
BD632325,#/caseaccess/caseaccessdetail/BD632325/BD632325;FL;LA
BD632431,#/caseaccess/caseaccessdetail/BD632431/BD632431;FL;LA
BD632920,#/caseaccess/caseaccessdetail/BD632920/BD632920;FL;LA
BD633865,#/caseaccess/caseaccessdetail/BD633865/BD633865;FL;LA
BD634219,#/caseaccess/caseaccessdetail/BD634219/BD634219;FL;LA
BD636665,#/caseaccess/caseaccessdetail/BD636665/BD636665;FL;LA
BD637407,#/caseaccess/caseaccessdetail/BD637407/BD637407;FL;LA
BD637431,#/caseaccess/caseaccessdetail/BD637431/BD637431;FL;LAM
BD637781,#/caseaccess/caseaccessdetail/BD637781/BD637781;FL;LA
BD638430,#/caseaccess/caseaccessdetail/BD638430/BD638430;FL;LAM
BD640381,#/caseaccess/caseaccessdetail/BD640381/BD640381;FL;LA
BD642237,#/caseaccess/caseaccessdetail/BD642237/BD642237;FL;LA
BD642436,#/caseaccess/caseaccessdetail/BD642436/BD642436;FL;LA
BD642472,#/caseaccess/caseaccessdetail/BD642472/BD642472;FL;LA
BD642520,#/caseaccess/caseaccessdetail/BD642520/BD642520;FL;LA
BD642558,#/caseaccess/caseaccessdetail/BD642558/BD642558;FL;LA
BD643330,#/caseaccess/caseaccessdetail/BD643330/BD643330;FL;LA
BD643752,#/caseaccess/caseaccessdetail/BD643752/BD643752;FL;LA
BD643753,#/caseaccess/caseaccessdetail/BD643753/BD643753;FL;LA
BD644221,#/caseaccess/caseaccessdetail/BD644221/BD644221;FL;LA
BD644376,#/caseaccess/caseaccessdetail/BD644376/BD644376;FL;LA
BD645617,#/caseaccess/caseaccessdetail/BD645617/BD645617;FL;LA
BD645698,#/caseaccess/caseaccessdetail/BD645698/BD645698;FL;LA
BD646984,#/caseaccess/caseaccessdetail/BD646984/BD646984;FL;LA
BD647108,#/caseaccess/caseaccessdetail/BD647108/BD647108;FL;LA
BD647339,#/caseaccess/caseaccessdetail/BD647339/BD647339;FL;LA
BD648002,#/caseaccess/caseaccessdetail/BD648002/BD648002;FL;LA
BD648143,#/caseaccess/caseaccessdetail/BD648143/BD648143;FL;LA
BD648829,#/caseaccess/caseaccessdetail/BD648829/BD648829;FL;LA
BD649098,#/caseaccess/caseaccessdetail/BD649098/BD649098;FL;LA
BD649099,#/caseaccess/caseaccessdetail/BD649099/BD649099;FL;LA
BD651011,#/caseaccess/caseaccessdetail/BD651011/BD651011;FL;LA
BD651300,#/caseaccess/caseaccessdetail/BD651300/BD651300;FL;LA
BD651550,#/caseaccess/caseaccessdetail/BD651550/BD651550;FL;LA
BD656090,#/caseaccess/caseaccessdetail/BD656090/BD656090;FL;LA
BD656457,#/caseaccess/caseaccessdetail/BD656457/BD656457;FL;LA
BD656907,#/caseaccess/caseaccessdetail/BD656907/BD656907;FL;LA
BD657088,#/caseaccess/caseaccessdetail/BD657088/BD657088;FL;LA
BD657235,#/caseaccess/caseaccessdetail/BD657235/BD657235;FL;LA
BD659075,#/caseaccess/caseaccessdetail/BD659075/BD659075;FL;LA
BD659183,#/caseaccess/caseaccessdetail/BD659183/BD659183;FL;LA
BD659269,#/caseaccess/caseaccessdetail/BD659269/BD659269;FL;LA
BD659787,#/caseaccess/caseaccessdetail/BD659787/BD659787;FL;LA
BP104574,#/caseaccess/caseaccessdetail/BP104574/BP104574;PR;LA
BP108870,#/caseaccess/caseaccessdetail/BP108870/BP108870;PR;LA
BP109096,#/caseaccess/caseaccessdetail/BP109096/BP109096;PR;LA
BP117319,#/caseaccess/caseaccessdetail/BP117319/BP117319;PR;LA
BP117321,#/caseaccess/caseaccessdetail/BP117321/BP117321;PR;LA
BP140162,#/caseaccess/caseaccessdetail/BP140162/BP140162;PR;LA
BP141230,#/caseaccess/caseaccessdetail/BP141230/BP141230;PR;LA
BP150421,#/caseaccess/caseaccessdetail/BP150421/BP150421;PR;LA
BP151208,#/caseaccess/caseaccessdetail/BP151208/BP151208;PR;LA
BP157735,#/caseaccess/caseaccessdetail/BP157735/BP157735;PR;LA
BP165414,#/caseaccess/caseaccessdetail/BP165414/BP165414;PR;LA
BP169477,#/caseaccess/caseaccessdetail/BP169477/BP169477;PR;LA
BS169139,#/caseaccess/caseaccessdetail/BS169139/BS169139;CV;LA
GD058160,#/caseaccess/caseaccessdetail/GD058160/GD058160;FL;PAS
GD060150,#/caseaccess/caseaccessdetail/GD060150/GD060150;FL;PAS
LQ021394,#/caseaccess/caseaccessdetail/LQ021394/LQ021394;FL;NW
PD063055,#/caseaccess/caseaccessdetail/PD063055/PD063055;FL;LA
PD064692,#/caseaccess/caseaccessdetail/PD064692/PD064692;FL;CHA
SC036340,#/caseaccess/caseaccessdetail/SC036340/SC036340;CV;WE
SC122965,#/caseaccess/caseaccessdetail/SC122965/SC122965;CV;LA
SC124472,#/caseaccess/caseaccessdetail/SC124472/SC124472;CV;WE
SC128877,#/caseaccess/caseaccessdetail/SC128877/SC128877;CV;WE
SC128911,#/caseaccess/caseaccessdetail/SC128911/SC128911;CV;LA
SC129127,#/caseaccess/caseaccessdetail/SC129127/SC129127;CV;WE
SC129249,#/caseaccess/caseaccessdetail/SC129249/SC129249;CV;WE
SC129384,#/caseaccess/caseaccessdetail/SC129384/SC129384;CV;LA
SC129535,#/caseaccess/caseaccessdetail/SC129535/SC129535;CV;LA
SD033213,#/caseaccess/caseaccessdetail/SD033213/SD033213;FL;SM
SD033721,#/caseaccess/caseaccessdetail/SD033721/SD033721;FL;LA
SD034378,#/caseaccess/caseaccessdetail/SD034378/SD034378;FL;SM
SD034379,#/caseaccess/caseaccessdetail/SD034379/SD034379;FL;SM
SD034729,#/caseaccess/caseaccessdetail/SD034729/SD034729;FL;LA
SD035067,#/caseaccess/caseaccessdetail/SD035067/SD035067;FL;LA
YD064648,#/caseaccess/caseaccessdetail/YD064648/YD064648;FL;LA
21STFL04662,#/caseaccess/caseaccessdetail/21STFL04662/21STFL04662;FL;LA
21STPB03456,#/caseaccess/caseaccessdetail/21STPB03456/21STPB03456;PR;LA
21STCV16904,#/caseaccess/caseaccessdetail/21STCV16904/21STCV16904;CV;SS
21STFL05011,#/caseaccess/caseaccessdetail/21STFL05011/21STFL05011;FL;LA
21STCV17510,#/caseaccess/caseaccessdetail/21STCV17510/21STCV17510;CV;LA
21CHFL00697,#/caseaccess/caseaccessdetail/21CHFL00697/21CHFL00697;FL;CHA
21VECV00635,#/caseaccess/caseaccessdetail/21VECV00635/21VECV00635;CV;NW
20STFL05780,#/caseaccess/caseaccessdetail/20STFL05780/20STFL05780;FL;LA
21STRO02403,#/caseaccess/caseaccessdetail/21STRO02403/21STRO02403;FL;LA
21STCV19307,#/caseaccess/caseaccessdetail/21STCV19307/21STCV19307;CV;LA
21STRO02546,#/caseaccess/caseaccessdetail/21STRO02546/21STRO02546;FL;LA
21VERO00610,#/caseaccess/caseaccessdetail/21VERO00610/21VERO00610;FL;NW
21CHRO00645,#/caseaccess/caseaccessdetail/21CHRO00645/21CHRO00645;FL;CHA
21STCV20202,#/caseaccess/caseaccessdetail/21STCV20202/21STCV20202;CV;LA
21STFL06251,#/caseaccess/caseaccessdetail/21STFL06251/21STFL06251;FL;LA
21CHRO00737,#/caseaccess/caseaccessdetail/21CHRO00737/21CHRO00737;FL;CHA
21STRO02833,#/caseaccess/caseaccessdetail/21STRO02833/21STRO02833;FL;LA
21STFL06793,#/caseaccess/caseaccessdetail/21STFL06793/21STFL06793;FL;LA
21STRO03037,#/caseaccess/caseaccessdetail/21STRO03037/21STRO03037;FL;LA
21STRO03198,#/caseaccess/caseaccessdetail/21STRO03198/21STRO03198;FL;LA
21STRO03381,#/caseaccess/caseaccessdetail/21STRO03381/21STRO03381;FL;LA
21STRO03383,#/caseaccess/caseaccessdetail/21STRO03383/21STRO03383;FL;LA
21STFL08052,#/caseaccess/caseaccessdetail/21STFL08052/21STFL08052;FL;LA
21STCV25220,#/caseaccess/caseaccessdetail/21STCV25220/21STCV25220;CV;LA
21STCV26217,#/caseaccess/caseaccessdetail/21STCV26217/21STCV26217;CV;LA
21STFL08651,#/caseaccess/caseaccessdetail/21STFL08651/21STFL08651;FL;LA
21STFL08733,#/caseaccess/caseaccessdetail/21STFL08733/21STFL08733;FL;LA
21STRO04140,#/caseaccess/caseaccessdetail/21STRO04140/21STRO04140;FL;LA
21STFL08981,#/caseaccess/caseaccessdetail/21STFL08981/21STFL08981;FL;LA
21STRO04127,#/caseaccess/caseaccessdetail/21STRO04127/21STRO04127;FL;LA
21STFL10133,#/caseaccess/caseaccessdetail/21STFL10133/21STFL10133;FL;LA
21SMRO00167,#/caseaccess/caseaccessdetail/21SMRO00167/21SMRO00167;FL;SM
21SMRO00166,#/caseaccess/caseaccessdetail/21SMRO00166/21SMRO00166;FL;SM
21SMRO00165,#/caseaccess/caseaccessdetail/21SMRO00165/21SMRO00165;FL;LA
21STRO04982,#/caseaccess/caseaccessdetail/21STRO04982/21STRO04982;FL;LA
21STRO05154,#/caseaccess/caseaccessdetail/21STRO05154/21STRO05154;FL;LA
21STRO03664,#/caseaccess/caseaccessdetail/21STRO03664/21STRO03664;FL;LA
21STCP03001,#/caseaccess/caseaccessdetail/21STCP03001/21STCP03001;CV;LAV
21STCV29254,#/caseaccess/caseaccessdetail/21STCV29254/21STCV29254;CV;LA
21STFL09396,#/caseaccess/caseaccessdetail/21STFL09396/21STFL09396;FL;LA
21STCV32891,#/caseaccess/caseaccessdetail/21STCV32891/21STCV32891;CV;LA
21STCV33548,#/caseaccess/caseaccessdetail/21STCV33548/21STCV33548;CV;SS
21STRO05394,#/caseaccess/caseaccessdetail/21STRO05394/21STRO05394;FL;LA
21STPB09592,#/caseaccess/caseaccessdetail/21STPB09592/21STPB09592;PR;LA
21STCP02766,#/caseaccess/caseaccessdetail/21STCP02766/21STCP02766;CV;LA
21STCV27831,#/caseaccess/caseaccessdetail/21STCV27831/21STCV27831;CV;LA
21STFL11515,#/caseaccess/caseaccessdetail/21STFL11515/21STFL11515;FL;LA
SC129388,#/caseaccess/caseaccessdetail/SC129388/SC129388;CV;SM
21CHFL01778,#/caseaccess/caseaccessdetail/21CHFL01778/21CHFL01778;FL;CHA
21STFL11865,#/caseaccess/caseaccessdetail/21STFL11865/21STFL11865;FL;LA
21STFL12031,#/caseaccess/caseaccessdetail/21STFL12031/21STFL12031;FL;LA
21STCV38971,#/caseaccess/caseaccessdetail/21STCV38971/21STCV38971;CV;LA
21STFL12804,#/caseaccess/caseaccessdetail/21STFL12804/21STFL12804;FL;LA
21STCV41392,#/caseaccess/caseaccessdetail/21STCV41392/21STCV41392;CV;LA
21STCV41790,#/caseaccess/caseaccessdetail/21STCV41790/21STCV41790;CV;SS
21STFL13591,#/caseaccess/caseaccessdetail/21STFL13591/21STFL13591;FL;LA
21STCV45383,#/caseaccess/caseaccessdetail/21STCV45383/21STCV45383;CV;LA
21STCV30270,#/caseaccess/caseaccessdetail/21STCV30270/21STCV30270;CV;SS
21STRO07203,#/caseaccess/caseaccessdetail/21STRO07203/21STRO07203;FL;LA
21STCV19439,#/caseaccess/caseaccessdetail/21STCV19439/21STCV19439;CV;LA
22STCV00080,#/caseaccess/caseaccessdetail/22STCV00080/22STCV00080;CV;SS
22CHFL00033,#/caseaccess/caseaccessdetail/22CHFL00033/22CHFL00033;FL;CHA
22VERO00018,#/caseaccess/caseaccessdetail/22VERO00018/22VERO00018;FL;NW
22CHRO00045,#/caseaccess/caseaccessdetail/22CHRO00045/22CHRO00045;FL;CHA
21STFL03452,#/caseaccess/caseaccessdetail/21STFL03452/21STFL03452;FL;LA
22STRO00236,#/caseaccess/caseaccessdetail/22STRO00236/22STRO00236;FL;LA
22STCV02030,#/caseaccess/caseaccessdetail/22STCV02030/22STCV02030;CV;LA
22STRO00354,#/caseaccess/caseaccessdetail/22STRO00354/22STRO00354;FL;LA
22STCV02504,#/caseaccess/caseaccessdetail/22STCV02504/22STCV02504;CV;SS
22STFL01071,#/caseaccess/caseaccessdetail/22STFL01071/22STFL01071;FL;LA
21STFL08274,#/caseaccess/caseaccessdetail/21STFL08274/21STFL08274;FL;LA
22STRO00478,#/caseaccess/caseaccessdetail/22STRO00478/22STRO00478;FL;LA
21CHFL02057,#/caseaccess/caseaccessdetail/21CHFL02057/21CHFL02057;FL;CHA
21STCV17582,#/caseaccess/caseaccessdetail/21STCV17582/21STCV17582;CV;SM
22STCV05845,#/caseaccess/caseaccessdetail/22STCV05845/22STCV05845;CV;LA
22STCV05824,#/caseaccess/caseaccessdetail/22STCV05824/22STCV05824;CV;NW
22STRO00971,#/caseaccess/caseaccessdetail/22STRO00971/22STRO00971;FL;LA
22STFL01815,#/caseaccess/caseaccessdetail/22STFL01815/22STFL01815;FL;LA
21STCV29948,#/caseaccess/caseaccessdetail/21STCV29948/21STCV29948;CV;SM
22STCV07568,#/caseaccess/caseaccessdetail/22STCV07568/22STCV07568;CV;LA
22STRO01242,#/caseaccess/caseaccessdetail/22STRO01242/22STRO01242;FL;LA
22CHRO00375,#/caseaccess/caseaccessdetail/22CHRO00375/22CHRO00375;FL;CHA
22STRO01366,#/caseaccess/caseaccessdetail/22STRO01366/22STRO01366;FL;LA
22STRO01522,#/caseaccess/caseaccessdetail/22STRO01522/22STRO01522;FL;LA
22STCV09153,#/caseaccess/caseaccessdetail/22STCV09153/22STCV09153;CV;ALH
22VECV00140,#/caseaccess/caseaccessdetail/22VECV00140/22VECV00140;CV;NW
21STCV30248,#/caseaccess/caseaccessdetail/21STCV30248/21STCV30248;CV;LA
22STRO01104,#/caseaccess/caseaccessdetail/22STRO01104/22STRO01104;FL;LA
21STCV23514,#/caseaccess/caseaccessdetail/21STCV23514/21STCV23514;CV;LA
21STCV18680,#/caseaccess/caseaccessdetail/21STCV18680/21STCV18680;CV;LA
22STCV06905,#/caseaccess/caseaccessdetail/22STCV06905/22STCV06905;CV;LA
22STCV03356,#/caseaccess/caseaccessdetail/22STCV03356/22STCV03356;CV;SS
21STCV33180,#/caseaccess/caseaccessdetail/21STCV33180/21STCV33180;CV;SS
22VEFL00406,#/caseaccess/caseaccessdetail/22VEFL00406/22VEFL00406;FL;NW
22CHFL00546,#/caseaccess/caseaccessdetail/22CHFL00546/22CHFL00546;FL;CHA
22STFL02486,#/caseaccess/caseaccessdetail/22STFL02486/22STFL02486;FL;LA
22STFL03271,#/caseaccess/caseaccessdetail/22STFL03271/22STFL03271;FL;LA
22STCV10404,#/caseaccess/caseaccessdetail/22STCV10404/22STCV10404;CV;LA
22STCV10458,#/caseaccess/caseaccessdetail/22STCV10458/22STCV10458;CV;LA
22SMCP00019,#/caseaccess/caseaccessdetail/22SMCP00019/22SMCP00019;CV;SM
22STRO01944,#/caseaccess/caseaccessdetail/22STRO01944/22STRO01944;FL;LA
22STCV11043,#/caseaccess/caseaccessdetail/22STCV11043/22STCV11043;CV;LA
22STCV11768,#/caseaccess/caseaccessdetail/22STCV11768/22STCV11768;CV;LA
22STCV11631,#/caseaccess/caseaccessdetail/22STCV11631/22STCV11631;CV;LA
22STCV12473,#/caseaccess/caseaccessdetail/22STCV12473/22STCV12473;CV;ALH
21SMCV00735,#/caseaccess/caseaccessdetail/21SMCV00735/21SMCV00735;CV;SM
20STCV35975,#/caseaccess/caseaccessdetail/20STCV35975/20STCV35975;CV;NW
22STCV04087,#/caseaccess/caseaccessdetail/22STCV04087/22STCV04087;CV;LA
21STCV31419,#/caseaccess/caseaccessdetail/21STCV31419/21STCV31419;CV;LA
20STCV39742,#/caseaccess/caseaccessdetail/20STCV39742/20STCV39742;CV;SS
20STCV39579,#/caseaccess/caseaccessdetail/20STCV39579/20STCV39579;CV;SS
22STRO01906,#/caseaccess/caseaccessdetail/22STRO01906/22STRO01906;FL;LA
22STCV01334,#/caseaccess/caseaccessdetail/22STCV01334/22STCV01334;CV;LA
21STCP04124,#/caseaccess/caseaccessdetail/21STCP04124/21STCP04124;CV;LA
21STCP03831,#/caseaccess/caseaccessdetail/21STCP03831/21STCP03831;CV;LA
21STCV35635,#/caseaccess/caseaccessdetail/21STCV35635/21STCV35635;CV;LA
21STRO07338,#/caseaccess/caseaccessdetail/21STRO07338/21STRO07338;FL;LA
22STCV13791,#/caseaccess/caseaccessdetail/22STCV13791/22STCV13791;CV;LA
22SMCV00098,#/caseaccess/caseaccessdetail/22SMCV00098/22SMCV00098;CV;SM
BC679011,#/caseaccess/caseaccessdetail/BC679011/BC679011;CV;SM
22STPB00126,#/caseaccess/caseaccessdetail/22STPB00126/22STPB00126;PR;LA
22STFL04844,#/caseaccess/caseaccessdetail/22STFL04844/22STFL04844;FL;LA
22STFL04924,#/caseaccess/caseaccessdetail/22STFL04924/22STFL04924;FL;LA
22STFL05227,#/caseaccess/caseaccessdetail/22STFL05227/22STFL05227;FL;LA
22SMCV00697,#/caseaccess/caseaccessdetail/22SMCV00697/22SMCV00697;CV;SM
22STRO02941,#/caseaccess/caseaccessdetail/22STRO02941/22STRO02941;FL;LA
22STRO03022,#/caseaccess/caseaccessdetail/22STRO03022/22STRO03022;FL;LA
22STFL06170,#/caseaccess/caseaccessdetail/22STFL06170/22STFL06170;FL;LA
22SMRO00175,#/caseaccess/caseaccessdetail/22SMRO00175/22SMRO00175;FL;SM
22STFL06559,#/caseaccess/caseaccessdetail/22STFL06559/22STFL06559;FL;LA
22SMCP00171,#/caseaccess/caseaccessdetail/22SMCP00171/22SMCP00171;CV;SM
BC604299,#/caseaccess/caseaccessdetail/BC604299/BC604299;CV;WE
22STCV20251,#/caseaccess/caseaccessdetail/22STCV20251/22STCV20251;CV;SS
22STFL07156,#/caseaccess/caseaccessdetail/22STFL07156/22STFL07156;FL;LA
22STCV21090,#/caseaccess/caseaccessdetail/22STCV21090/22STCV21090;CV;LA
22STCV21599,#/caseaccess/caseaccessdetail/22STCV21599/22STCV21599;CV;LA
22STRO04118,#/caseaccess/caseaccessdetail/22STRO04118/22STRO04118;FL;LA
22STFL07710,#/caseaccess/caseaccessdetail/22STFL07710/22STFL07710;FL;LA
22STCV20462,#/caseaccess/caseaccessdetail/22STCV20462/22STCV20462;CV;LA
21STPB01431,#/caseaccess/caseaccessdetail/21STPB01431/21STPB01431;PR;LA
22STRO04301,#/caseaccess/caseaccessdetail/22STRO04301/22STRO04301;FL;LA
22STPB06707,#/caseaccess/caseaccessdetail/22STPB06707/22STPB06707;PR;LA
22VECV00747,#/caseaccess/caseaccessdetail/22VECV00747/22VECV00747;CV;NW
22STFL08091,#/caseaccess/caseaccessdetail/22STFL08091/22STFL08091;FL;LA
22STFL08374,#/caseaccess/caseaccessdetail/22STFL08374/22STFL08374;FL;LA
22STRO04792,#/caseaccess/caseaccessdetail/22STRO04792/22STRO04792;FL;LA
22STRO04805,#/caseaccess/caseaccessdetail/22STRO04805/22STRO04805;FL;LA
22STCP03137,#/caseaccess/caseaccessdetail/22STCP03137/22STCP03137;CV;LA
22SMRO00242,#/caseaccess/caseaccessdetail/22SMRO00242/22SMRO00242;FL;SM
22VERO01412,#/caseaccess/caseaccessdetail/22VERO01412/22VERO01412;FL;NW
22STCV26248,#/caseaccess/caseaccessdetail/22STCV26248/22STCV26248;CV;LA
22CHCV00692,#/caseaccess/caseaccessdetail/22CHCV00692/22CHCV00692;CV;CHA
22STFL09561,#/caseaccess/caseaccessdetail/22STFL09561/22STFL09561;FL;LA
22STPB08683,#/caseaccess/caseaccessdetail/22STPB08683/22STPB08683;PR;LA
20STCV47160,#/caseaccess/caseaccessdetail/20STCV47160/20STCV47160;CV;LA
22STCV28473,#/caseaccess/caseaccessdetail/22STCV28473/22STCV28473;CV;LA
22STCV28027,#/caseaccess/caseaccessdetail/22STCV28027/22STCV28027;CV;LA
22STCV29241,#/caseaccess/caseaccessdetail/22STCV29241/22STCV29241;CV;SBA
22STCV29166,#/caseaccess/caseaccessdetail/22STCV29166/22STCV29166;CV;LA
22STCV25874,#/caseaccess/caseaccessdetail/22STCV25874/22STCV25874;CV;LA
22STCV26547,#/caseaccess/caseaccessdetail/22STCV26547/22STCV26547;CV;LA
22STFL10164,#/caseaccess/caseaccessdetail/22STFL10164/22STFL10164;FL;LA
22STCV30245,#/caseaccess/caseaccessdetail/22STCV30245/22STCV30245;CV;SS
22STCV22734,#/caseaccess/caseaccessdetail/22STCV22734/22STCV22734;CV;LA
22STFL10281,#/caseaccess/caseaccessdetail/22STFL10281/22STFL10281;FL;LA
22STPB08814,#/caseaccess/caseaccessdetail/22STPB08814/22STPB08814;PR;LA
BC611486,#/caseaccess/caseaccessdetail/BC611486/BC611486;CV;LA
22VECV00787,#/caseaccess/caseaccessdetail/22VECV00787/22VECV00787;CV;LAV
22STCV00471,#/caseaccess/caseaccessdetail/22STCV00471/22STCV00471;CV;SS
21STCV35229,#/caseaccess/caseaccessdetail/21STCV35229/21STCV35229;CV;SS
17STFL00892,#/caseaccess/caseaccessdetail/17STFL00892/17STFL00892;FL;LA
22VECV01314,#/caseaccess/caseaccessdetail/22VECV01314/22VECV01314;CV;NW
21STCV46125,#/caseaccess/caseaccessdetail/21STCV46125/21STCV46125;CV;LA
22STCV30715,#/caseaccess/caseaccessdetail/22STCV30715/22STCV30715;CV;SS
22STFL10413,#/caseaccess/caseaccessdetail/22STFL10413/22STFL10413;FL;LA
22STRO06238,#/caseaccess/caseaccessdetail/22STRO06238/22STRO06238;FL;LA
22STCV31383,#/caseaccess/caseaccessdetail/22STCV31383/22STCV31383;CV;LA
22STFL10567,#/caseaccess/caseaccessdetail/22STFL10567/22STFL10567;FL;LA
22STCV31183,#/caseaccess/caseaccessdetail/22STCV31183/22STCV31183;CV;SS
20STFL06584,#/caseaccess/caseaccessdetail/20STFL06584/20STFL06584;FL;LA
22STCV31261,#/caseaccess/caseaccessdetail/22STCV31261/22STCV31261;CV;LA
22STRO06357,#/caseaccess/caseaccessdetail/22STRO06357/22STRO06357;FL;LA
22PDRO01391,#/caseaccess/caseaccessdetail/22PDRO01391/22PDRO01391;FL;PAS
22STPB09835,#/caseaccess/caseaccessdetail/22STPB09835/22STPB09835;PR;LA
19STPB03287,#/caseaccess/caseaccessdetail/19STPB03287/19STPB03287;PR;LA
22STFL10782,#/caseaccess/caseaccessdetail/22STFL10782/22STFL10782;FL;LA
22STFL10824,#/caseaccess/caseaccessdetail/22STFL10824/22STFL10824;FL;LA
22STCV32527,#/caseaccess/caseaccessdetail/22STCV32527/22STCV32527;CV;SS
22STCV27533,#/caseaccess/caseaccessdetail/22STCV27533/22STCV27533;CV;SBA
22STCV33500,#/caseaccess/caseaccessdetail/22STCV33500/22STCV33500;CV;LA
22STFL11501,#/caseaccess/caseaccessdetail/22STFL11501/22STFL11501;FL;LA
20STPB01451,#/caseaccess/caseaccessdetail/20STPB01451/20STPB01451;PR;LA
22STFL11570,#/caseaccess/caseaccessdetail/22STFL11570/22STFL11570;FL;LA
22SMCV02012,#/caseaccess/caseaccessdetail/22SMCV02012/22SMCV02012;CV;SM
22TRCV01013,#/caseaccess/caseaccessdetail/22TRCV01013/22TRCV01013;CV;ING
21STCV42301,#/caseaccess/caseaccessdetail/21STCV42301/21STCV42301;CV;LA
22BBCP00336,#/caseaccess/caseaccessdetail/22BBCP00336/22BBCP00336;CV;BUR
22STFL11986,#/caseaccess/caseaccessdetail/22STFL11986/22STFL11986;FL;LA
22AVRO00258,#/caseaccess/caseaccessdetail/22AVRO00258/22AVRO00258;FL;ATP
22STRO07333,#/caseaccess/caseaccessdetail/22STRO07333/22STRO07333;FL;LA
22STRO07395,#/caseaccess/caseaccessdetail/22STRO07395/22STRO07395;FL;LA
22CMCV00387,#/caseaccess/caseaccessdetail/22CMCV00387/22CMCV00387;CV;COM
22VERO02056,#/caseaccess/caseaccessdetail/22VERO02056/22VERO02056;FL;NW
22AVRO00242,#/caseaccess/caseaccessdetail/22AVRO00242/22AVRO00242;FL;ATP
22STRO07622,#/caseaccess/caseaccessdetail/22STRO07622/22STRO07622;FL;LA
22STCP04174,#/caseaccess/caseaccessdetail/22STCP04174/22STCP04174;CV;LA
22STCP03942,#/caseaccess/caseaccessdetail/22STCP03942/22STCP03942;CV;LA
22PDRO01656,#/caseaccess/caseaccessdetail/22PDRO01656/22PDRO01656;FL;PAS
22STPB11848,#/caseaccess/caseaccessdetail/22STPB11848/22STPB11848;PR;LA
22VERO02186,#/caseaccess/caseaccessdetail/22VERO02186/22VERO02186;FL;NW
22STFL13113,#/caseaccess/caseaccessdetail/22STFL13113/22STFL13113;FL;LA
22STCV37958,#/caseaccess/caseaccessdetail/22STCV37958/22STCV37958;CV;SS
22STCP04206,#/caseaccess/caseaccessdetail/22STCP04206/22STCP04206;CV;LA
22STRO07989,#/caseaccess/caseaccessdetail/22STRO07989/22STRO07989;FL;LA
22STRO08017,#/caseaccess/caseaccessdetail/22STRO08017/22STRO08017;FL;LA
22STCV27639,#/caseaccess/caseaccessdetail/22STCV27639/22STCV27639;CV;SS
22LBCV00945,#/caseaccess/caseaccessdetail/22LBCV00945/22LBCV00945;CV;LB
22STRO08074,#/caseaccess/caseaccessdetail/22STRO08074/22STRO08074;FL;LA
22STRO08168,#/caseaccess/caseaccessdetail/22STRO08168/22STRO08168;FL;LA
22TRCV01604,#/caseaccess/caseaccessdetail/22TRCV01604/22TRCV01604;CV;ING
BD641052,#/caseaccess/caseaccessdetail/BD641052/BD641052;FL;LA
BD422070,#/caseaccess/caseaccessdetail/BD422070/BD422070;FL;LA
23STFL00163,#/caseaccess/caseaccessdetail/23STFL00163/23STFL00163;FL;LA
22STCV39489,#/caseaccess/caseaccessdetail/22STCV39489/22STCV39489;CV;LA
22TRCV01260,#/caseaccess/caseaccessdetail/22TRCV01260/22TRCV01260;CV;SBA
23VERO00078,#/caseaccess/caseaccessdetail/23VERO00078/23VERO00078;FL;NW
23STFL00594,#/caseaccess/caseaccessdetail/23STFL00594/23STFL00594;FL;LA
23STRO00455,#/caseaccess/caseaccessdetail/23STRO00455/23STRO00455;FL;LA
23STRO00305,#/caseaccess/caseaccessdetail/23STRO00305/23STRO00305;FL;LA
23STRO00489,#/caseaccess/caseaccessdetail/23STRO00489/23STRO00489;FL;LA
23STPB00893,#/caseaccess/caseaccessdetail/23STPB00893/23STPB00893;PR;LA
22STCV27458,#/caseaccess/caseaccessdetail/22STCV27458/22STCV27458;CV;LA
23STRO00638,#/caseaccess/caseaccessdetail/23STRO00638/23STRO00638;FL;LA
23STCV01046,#/caseaccess/caseaccessdetail/23STCV01046/23STCV01046;CV;LA
23STPB01398,#/caseaccess/caseaccessdetail/23STPB01398/23STPB01398;PR;LA
23STCV02819,#/caseaccess/caseaccessdetail/23STCV02819/23STCV02819;CV;LA
23SMCV00616,#/caseaccess/caseaccessdetail/23SMCV00616/23SMCV00616;CV;SM
23STFL01609,#/caseaccess/caseaccessdetail/23STFL01609/23STFL01609;FL;LA
23STCV03154,#/caseaccess/caseaccessdetail/23STCV03154/23STCV03154;CV;LA
23STCV03048,#/caseaccess/caseaccessdetail/23STCV03048/23STCV03048;CV;LA
23STCV03180,#/caseaccess/caseaccessdetail/23STCV03180/23STCV03180;CV;LA
23STCV03773,#/caseaccess/caseaccessdetail/23STCV03773/23STCV03773;CV;LA
23STRO01152,#/caseaccess/caseaccessdetail/23STRO01152/23STRO01152;FL;LA
23AHCV00379,#/caseaccess/caseaccessdetail/23AHCV00379/23AHCV00379;CV;ALH
23STCV04105,#/caseaccess/caseaccessdetail/23STCV04105/23STCV04105;CV;LA
23STCV03952,#/caseaccess/caseaccessdetail/23STCV03952/23STCV03952;CV;LA
23STPB02325,#/caseaccess/caseaccessdetail/23STPB02325/23STPB02325;PR;LA
17STFL00487,#/caseaccess/caseaccessdetail/17STFL00487/17STFL00487;FL;LA
23VERO00354,#/caseaccess/caseaccessdetail/23VERO00354/23VERO00354;FL;NW
23STRO01461,#/caseaccess/caseaccessdetail/23STRO01461/23STRO01461;FL;LA
23STPB02340,#/caseaccess/caseaccessdetail/23STPB02340/23STPB02340;PR;LA
23SMCV00876,#/caseaccess/caseaccessdetail/23SMCV00876/23SMCV00876;CV;SM
23STRO01512,#/caseaccess/caseaccessdetail/23STRO01512/23STRO01512;FL;LA
23STFL03022,#/caseaccess/caseaccessdetail/23STFL03022/23STFL03022;FL;LA
23STFL03180,#/caseaccess/caseaccessdetail/23STFL03180/23STFL03180;FL;LA
23STCV07583,#/caseaccess/caseaccessdetail/23STCV07583/23STCV07583;CV;LA
23STCV07057,#/caseaccess/caseaccessdetail/23STCV07057/23STCV07057;CV;LA
23VEFL00073,#/caseaccess/caseaccessdetail/23VEFL00073/23VEFL00073;FL;NW
23STCV07070,#/caseaccess/caseaccessdetail/23STCV07070/23STCV07070;CV;LA
23STCP01055,#/caseaccess/caseaccessdetail/23STCP01055/23STCP01055;CV;LA
23SMCV01577,#/caseaccess/caseaccessdetail/23SMCV01577/23SMCV01577;CV;SM
23STCV07881,#/caseaccess/caseaccessdetail/23STCV07881/23STCV07881;CV;LA
23STCV08479,#/caseaccess/caseaccessdetail/23STCV08479/23STCV08479;CV;LA
23STFL04099,#/caseaccess/caseaccessdetail/23STFL04099/23STFL04099;FL;LA
23STFL04201,#/caseaccess/caseaccessdetail/23STFL04201/23STFL04201;FL;LA
23STFL04274,#/caseaccess/caseaccessdetail/23STFL04274/23STFL04274;FL;LA
23STPT01014,#/caseaccess/caseaccessdetail/23STPT01014/23STPT01014;FL;LA
23VERO00647,#/caseaccess/caseaccessdetail/23VERO00647/23VERO00647;FL;NW
22STCV31258,#/caseaccess/caseaccessdetail/22STCV31258/22STCV31258;CV;SS
23STRO02621,#/caseaccess/caseaccessdetail/23STRO02621/23STRO02621;FL;LA
23STRO02373,#/caseaccess/caseaccessdetail/23STRO02373/23STRO02373;FL;LA
23STPB04790,#/caseaccess/caseaccessdetail/23STPB04790/23STPB04790;PR;LA
23STRO02881,#/caseaccess/caseaccessdetail/23STRO02881/23STRO02881;FL;LA
23STFL05050,#/caseaccess/caseaccessdetail/23STFL05050/23STFL05050;FL;LA
23STRO03072,#/caseaccess/caseaccessdetail/23STRO03072/23STRO03072;FL;LA
23TRCV01550,#/caseaccess/caseaccessdetail/23TRCV01550/23TRCV01550;CV;SBA
23CHRO00887,#/caseaccess/caseaccessdetail/23CHRO00887/23CHRO00887;FL;CHA
22STCV33223,#/caseaccess/caseaccessdetail/22STCV33223/22STCV33223;CV;LA
23SMRO00218,#/caseaccess/caseaccessdetail/23SMRO00218/23SMRO00218;FL;SM
23STCV12092,#/caseaccess/caseaccessdetail/23STCV12092/23STCV12092;CV;LA
23STCV12722,#/caseaccess/caseaccessdetail/23STCV12722/23STCV12722;CV;LA
23GDCV01161,#/caseaccess/caseaccessdetail/23GDCV01161/23GDCV01161;CV;GLN
23STPB06405,#/caseaccess/caseaccessdetail/23STPB06405/23STPB06405;PR;LA
23SMCV02509,#/caseaccess/caseaccessdetail/23SMCV02509/23SMCV02509;CV;SM
23STCV13309,#/caseaccess/caseaccessdetail/23STCV13309/23STCV13309;CV;SS
21STFL10640,#/caseaccess/caseaccessdetail/21STFL10640/21STFL10640;FL;LA
23STRO03920,#/caseaccess/caseaccessdetail/23STRO03920/23STRO03920;FL;LA
23STRO03504,#/caseaccess/caseaccessdetail/23STRO03504/23STRO03504;FL;LA
23STCV13915,#/caseaccess/caseaccessdetail/23STCV13915/23STCV13915;CV;LA
21STFL02019,#/caseaccess/caseaccessdetail/21STFL02019/21STFL02019;FL;LA
23STFL07268,#/caseaccess/caseaccessdetail/23STFL07268/23STFL07268;FL;LA
23VECP00365,#/caseaccess/caseaccessdetail/23VECP00365/23VECP00365;CV;NW
23STFL07621,#/caseaccess/caseaccessdetail/23STFL07621/23STFL07621;FL;LA
23STFL08241,#/caseaccess/caseaccessdetail/23STFL08241/23STFL08241;FL;LA
23STFL07895,#/caseaccess/caseaccessdetail/23STFL07895/23STFL07895;FL;LA
23SMCV03553,#/caseaccess/caseaccessdetail/23SMCV03553/23SMCV03553;CV;SM
23SMCP00425,#/caseaccess/caseaccessdetail/23SMCP00425/23SMCP00425;CV;SM
23STCV18300,#/caseaccess/caseaccessdetail/23STCV18300/23STCV18300;CV;LA
23STCV15676,#/caseaccess/caseaccessdetail/23STCV15676/23STCV15676;CV;LA
23STCV18952,#/caseaccess/caseaccessdetail/23STCV18952/23STCV18952;CV;LA
23VERO01352,#/caseaccess/caseaccessdetail/23VERO01352/23VERO01352;FL;NW
23STFL07098,#/caseaccess/caseaccessdetail/23STFL07098/23STFL07098;FL;LA
23STFL08687,#/caseaccess/caseaccessdetail/23STFL08687/23STFL08687;FL;LA
23STRO05530,#/caseaccess/caseaccessdetail/23STRO05530/23STRO05530;FL;LA
23STPT02449,#/caseaccess/caseaccessdetail/23STPT02449/23STPT02449;FL;LA
23VEPT00190,#/caseaccess/caseaccessdetail/23VEPT00190/23VEPT00190;FL;NW
23PDRO01264,#/caseaccess/caseaccessdetail/23PDRO01264/23PDRO01264;FL;PAS
22STFL08013,#/caseaccess/caseaccessdetail/22STFL08013/22STFL08013;FL;LA
23STCV21078,#/caseaccess/caseaccessdetail/23STCV21078/23STCV21078;CV;SS
23STPT02641,#/caseaccess/caseaccessdetail/23STPT02641/23STPT02641;FL;LA
23STFL09354,#/caseaccess/caseaccessdetail/23STFL09354/23STFL09354;FL;LA
23STCV21402,#/caseaccess/caseaccessdetail/23STCV21402/23STCV21402;CV;LA
23STPB09965,#/caseaccess/caseaccessdetail/23STPB09965/23STPB09965;PR;LA
23STCV21854,#/caseaccess/caseaccessdetail/23STCV21854/23STCV21854;CV;LA
23PDRO01360,#/caseaccess/caseaccessdetail/23PDRO01360/23PDRO01360;FL;NW
23NWCV02903,#/caseaccess/caseaccessdetail/23NWCV02903/23NWCV02903;CV;SE
23STFL09597,#/caseaccess/caseaccessdetail/23STFL09597/23STFL09597;FL;LA
23STFL09748,#/caseaccess/caseaccessdetail/23STFL09748/23STFL09748;FL;LA
23STFL09769,#/caseaccess/caseaccessdetail/23STFL09769/23STFL09769;FL;LA
23STRO06210,#/caseaccess/caseaccessdetail/23STRO06210/23STRO06210;FL;LA
23STRO06430,#/caseaccess/caseaccessdetail/23STRO06430/23STRO06430;FL;LA
23STFL10278,#/caseaccess/caseaccessdetail/23STFL10278/23STFL10278;FL;LA
23STFL09584,#/caseaccess/caseaccessdetail/23STFL09584/23STFL09584;FL;LA
23SMCV04562,#/caseaccess/caseaccessdetail/23SMCV04562/23SMCV04562;CV;SM
23STRO06768,#/caseaccess/caseaccessdetail/23STRO06768/23STRO06768;FL;LA
23STRO06560,#/caseaccess/caseaccessdetail/23STRO06560/23STRO06560;FL;LA
23STFL10804,#/caseaccess/caseaccessdetail/23STFL10804/23STFL10804;FL;LA
23SMCV04865,#/caseaccess/caseaccessdetail/23SMCV04865/23SMCV04865;CV;SM
23STCP03876,#/caseaccess/caseaccessdetail/23STCP03876/23STCP03876;CV;LA
23BBCV02390,#/caseaccess/caseaccessdetail/23BBCV02390/23BBCV02390;CV;BUR
23STCV21961,#/caseaccess/caseaccessdetail/23STCV21961/23STCV21961;CV;LA
23SMCV02619,#/caseaccess/caseaccessdetail/23SMCV02619/23SMCV02619;CV;BH
23VECV04802,#/caseaccess/caseaccessdetail/23VECV04802/23VECV04802;CV;NW
23STCV27117,#/caseaccess/caseaccessdetail/23STCV27117/23STCV27117;CV;LA
23STRO07463,#/caseaccess/caseaccessdetail/23STRO07463/23STRO07463;FL;LA
23STPT03305,#/caseaccess/caseaccessdetail/23STPT03305/23STPT03305;FL;LA
23STFL11716,#/caseaccess/caseaccessdetail/23STFL11716/23STFL11716;FL;LA
23SMCV05245,#/caseaccess/caseaccessdetail/23SMCV05245/23SMCV05245;CV;SM
23VECV05182,#/caseaccess/caseaccessdetail/23VECV05182/23VECV05182;CV;LAV
23STRO07886,#/caseaccess/caseaccessdetail/23STRO07886/23STRO07886;FL;LA
23STFL12138,#/caseaccess/caseaccessdetail/23STFL12138/23STFL12138;FL;LA
23STRO07686,#/caseaccess/caseaccessdetail/23STRO07686/23STRO07686;FL;LA
23SMCV05546,#/caseaccess/caseaccessdetail/23SMCV05546/23SMCV05546;CV;SM
23SMRO00472,#/caseaccess/caseaccessdetail/23SMRO00472/23SMRO00472;FL;SM
23STRO08081,#/caseaccess/caseaccessdetail/23STRO08081/23STRO08081;FL;LA
23VECV05371,#/caseaccess/caseaccessdetail/23VECV05371/23VECV05371;CV;NW
23STCP04379,#/caseaccess/caseaccessdetail/23STCP04379/23STCP04379;CV;LA
23STCV30103,#/caseaccess/caseaccessdetail/23STCV30103/23STCV30103;CV;LA
23STRO08445,#/caseaccess/caseaccessdetail/23STRO08445/23STRO08445;FL;LA
23STCV31052,#/caseaccess/caseaccessdetail/23STCV31052/23STCV31052;CV;LA
23STFL12998,#/caseaccess/caseaccessdetail/23STFL12998/23STFL12998;FL;LA
23STPB14135,#/caseaccess/caseaccessdetail/23STPB14135/23STPB14135;PR;LA
23VECV05702,#/caseaccess/caseaccessdetail/23VECV05702/23VECV05702;CV;NW
23STFL13095,#/caseaccess/caseaccessdetail/23STFL13095/23STFL13095;FL;LA
23STCV31886,#/caseaccess/caseaccessdetail/23STCV31886/23STCV31886;CV;LA
24VECV00013,#/caseaccess/caseaccessdetail/24VECV00013/24VECV00013;CV;NW
23STCV31143,#/caseaccess/caseaccessdetail/23STCV31143/23STCV31143;CV;LA
24BBCV00046,#/caseaccess/caseaccessdetail/24BBCV00046/24BBCV00046;CV;BUR
24STFL00179,#/caseaccess/caseaccessdetail/24STFL00179/24STFL00179;FL;LA
24STRO00147,#/caseaccess/caseaccessdetail/24STRO00147/24STRO00147;FL;LA
24STFL00206,#/caseaccess/caseaccessdetail/24STFL00206/24STFL00206;FL;LA
BD617906,#/caseaccess/caseaccessdetail/BD617906/BD617906;FL;LA
24STCP00073,#/caseaccess/caseaccessdetail/24STCP00073/24STCP00073;CV;LA
23AVFL00848,#/caseaccess/caseaccessdetail/23AVFL00848/23AVFL00848;FL;ATP
24STCV00703,#/caseaccess/caseaccessdetail/24STCV00703/24STCV00703;CV;LA
24STCV00529,#/caseaccess/caseaccessdetail/24STCV00529/24STCV00529;CV;LA
24STCV00473,#/caseaccess/caseaccessdetail/24STCV00473/24STCV00473;CV;LA
24STCV00088,#/caseaccess/caseaccessdetail/24STCV00088/24STCV00088;CV;LA
24STFL00412,#/caseaccess/caseaccessdetail/24STFL00412/24STFL00412;FL;LA
24STCV01154,#/caseaccess/caseaccessdetail/24STCV01154/24STCV01154;CV;LA
24STFL00017,#/caseaccess/caseaccessdetail/24STFL00017/24STFL00017;FL;LA
24STCV01130,#/caseaccess/caseaccessdetail/24STCV01130/24STCV01130;CV;LA
24SMCV00148,#/caseaccess/caseaccessdetail/24SMCV00148/24SMCV00148;CV;SM
24CHFL00100,#/caseaccess/caseaccessdetail/24CHFL00100/24CHFL00100;FL;CHA
23VEPT00236,#/caseaccess/caseaccessdetail/23VEPT00236/23VEPT00236;FL;NW
24STFL00594,#/caseaccess/caseaccessdetail/24STFL00594/24STFL00594;FL;LA
24VERO00054,#/caseaccess/caseaccessdetail/24VERO00054/24VERO00054;FL;NW
21STFL13482,#/caseaccess/caseaccessdetail/21STFL13482/21STFL13482;FL;LA
24STCV02014,#/caseaccess/caseaccessdetail/24STCV02014/24STCV02014;CV;LA
24SMCV00332,#/caseaccess/caseaccessdetail/24SMCV00332/24SMCV00332;CV;SM
24STPB01000,#/caseaccess/caseaccessdetail/24STPB01000/24STPB01000;PR;LA
24STPB01170,#/caseaccess/caseaccessdetail/24STPB01170/24STPB01170;PR;LA
24VECV00778,#/caseaccess/caseaccessdetail/24VECV00778/24VECV00778;CV;NW
24STPB01754,#/caseaccess/caseaccessdetail/24STPB01754/24STPB01754;PR;LA
24STFL01320,#/caseaccess/caseaccessdetail/24STFL01320/24STFL01320;FL;LA
24STFL01948,#/caseaccess/caseaccessdetail/24STFL01948/24STFL01948;FL;LA
24CHFL00331,#/caseaccess/caseaccessdetail/24CHFL00331/24CHFL00331;FL;CHA
24STRO01448,#/caseaccess/caseaccessdetail/24STRO01448/24STRO01448;FL;LA
24STCV05072,#/caseaccess/caseaccessdetail/24STCV05072/24STCV05072;CV;LA
24STRO01569,#/caseaccess/caseaccessdetail/24STRO01569/24STRO01569;FL;LA
24STPB02728,#/caseaccess/caseaccessdetail/24STPB02728/24STPB02728;PR;LA
24STPB03176,#/caseaccess/caseaccessdetail/24STPB03176/24STPB03176;PR;LA
24STRO02082,#/caseaccess/caseaccessdetail/24STRO02082/24STRO02082;FL;LA
24STRO02127,#/caseaccess/caseaccessdetail/24STRO02127/24STRO02127;FL;LA
24STRO02161,#/caseaccess/caseaccessdetail/24STRO02161/24STRO02161;FL;LA
24STFL03227,#/caseaccess/caseaccessdetail/24STFL03227/24STFL03227;FL;LA
24STRO02283,#/caseaccess/caseaccessdetail/24STRO02283/24STRO02283;FL;LA
24STFL03133,#/caseaccess/caseaccessdetail/24STFL03133/24STFL03133;FL;LA
24STCV03166,#/caseaccess/caseaccessdetail/24STCV03166/24STCV03166;CV;SS
24STCV08222,#/caseaccess/caseaccessdetail/24STCV08222/24STCV08222;CV;LA
24BBCV00176,#/caseaccess/caseaccessdetail/24BBCV00176/24BBCV00176;CV;BUR
24STFL03518,#/caseaccess/caseaccessdetail/24STFL03518/24STFL03518;FL;LA
24STCV08571,#/caseaccess/caseaccessdetail/24STCV08571/24STCV08571;CV;LA
24STRO02433,#/caseaccess/caseaccessdetail/24STRO02433/24STRO02433;FL;LA
24STRO02446,#/caseaccess/caseaccessdetail/24STRO02446/24STRO02446;FL;LA
24PDFL00198,#/caseaccess/caseaccessdetail/24PDFL00198/24PDFL00198;FL;PAS
24STCV17859,#/caseaccess/caseaccessdetail/24STCV17859/24STCV17859;CV;LA
24STRO03251,#/caseaccess/caseaccessdetail/24STRO03251/24STRO03251;FL;LA
24STRO04623,#/caseaccess/caseaccessdetail/24STRO04623/24STRO04623;FL;LA
24VERO01082,#/caseaccess/caseaccessdetail/24VERO01082/24VERO01082;FL;NW
24STPT01469,#/caseaccess/caseaccessdetail/24STPT01469/24STPT01469;FL;LA
24STFL05933,#/caseaccess/caseaccessdetail/24STFL05933/24STFL05933;FL;LA
24STFL04753,#/caseaccess/caseaccessdetail/24STFL04753/24STFL04753;FL;LA
24LBFL00645,#/caseaccess/caseaccessdetail/24LBFL00645/24LBFL00645;FL;LB
23STFL02970,#/caseaccess/caseaccessdetail/23STFL02970/23STFL02970;FL;LA
24STRO05335,#/caseaccess/caseaccessdetail/24STRO05335/24STRO05335;FL;LA
24STPT02111,#/caseaccess/caseaccessdetail/24STPT02111/24STPT02111;FL;LA
24SMCV03596,#/caseaccess/caseaccessdetail/24SMCV03596/24SMCV03596;CV;SM
24STCV19272,#/caseaccess/caseaccessdetail/24STCV19272/24STCV19272;CV;LA
24VERO01332,#/caseaccess/caseaccessdetail/24VERO01332/24VERO01332;FL;NW
24SMRO00308,#/caseaccess/caseaccessdetail/24SMRO00308/24SMRO00308;FL;SM
24STCV20729,#/caseaccess/caseaccessdetail/24STCV20729/24STCV20729;CV;LA
24STPT02483,#/caseaccess/caseaccessdetail/24STPT02483/24STPT02483;FL;LA
24STFL08719,#/caseaccess/caseaccessdetail/24STFL08719/24STFL08719;FL;LA
24STCV14148,#/caseaccess/caseaccessdetail/24STCV14148/24STCV14148;CV;LA
24STCV21484,#/caseaccess/caseaccessdetail/24STCV21484/24STCV21484;CV;LA
24STFL08860,#/caseaccess/caseaccessdetail/24STFL08860/24STFL08860;FL;LA
24SMCV04188,#/caseaccess/caseaccessdetail/24SMCV04188/24SMCV04188;CV;SM
24STFL02209,#/caseaccess/caseaccessdetail/24STFL02209/24STFL02209;FL;LA
24STCV23974,#/caseaccess/caseaccessdetail/24STCV23974/24STCV23974;CV;LA
24STFL09526,#/caseaccess/caseaccessdetail/24STFL09526/24STFL09526;FL;LA
24STCV11499,#/caseaccess/caseaccessdetail/24STCV11499/24STCV11499;CV;LA
23STCV31342,#/caseaccess/caseaccessdetail/23STCV31342/23STCV31342;CV;LA
24STFL08390,#/caseaccess/caseaccessdetail/24STFL08390/24STFL08390;FL;LA
23VECV02287,#/caseaccess/caseaccessdetail/23VECV02287/23VECV02287;CV;NW
24STCV00091,#/caseaccess/caseaccessdetail/24STCV00091/24STCV00091;CV;LA
23AVCV01238,#/caseaccess/caseaccessdetail/23AVCV01238/23AVCV01238;CV;ATP
24STPB10886,#/caseaccess/caseaccessdetail/24STPB10886/24STPB10886;PR;LA
24STRO07078,#/caseaccess/caseaccessdetail/24STRO07078/24STRO07078;FL;LA
24STRO06402,#/caseaccess/caseaccessdetail/24STRO06402/24STRO06402;FL;LA
24SMCV04506,#/caseaccess/caseaccessdetail/24SMCV04506/24SMCV04506;CV;BH
24STCV13815,#/caseaccess/caseaccessdetail/24STCV13815/24STCV13815;CV;LA
24STFL10032,#/caseaccess/caseaccessdetail/24STFL10032/24STFL10032;FL;LA
24SMCV04749,#/caseaccess/caseaccessdetail/24SMCV04749/24SMCV04749;CV;SM
24STCV25461,#/caseaccess/caseaccessdetail/24STCV25461/24STCV25461;CV;LA
24CHRO01849,#/caseaccess/caseaccessdetail/24CHRO01849/24CHRO01849;FL;CHA
22STCV17092,#/caseaccess/caseaccessdetail/22STCV17092/22STCV17092;CV;LA
24STCV25693,#/caseaccess/caseaccessdetail/24STCV25693/24STCV25693;CV;LA
24STFL08584,#/caseaccess/caseaccessdetail/24STFL08584/24STFL08584;FL;LA
24STFL08213,#/caseaccess/caseaccessdetail/24STFL08213/24STFL08213;FL;LA
24STFL08402,#/caseaccess/caseaccessdetail/24STFL08402/24STFL08402;FL;LA
24STRO07522,#/caseaccess/caseaccessdetail/24STRO07522/24STRO07522;FL;LA
24SMCP00531,#/caseaccess/caseaccessdetail/24SMCP00531/24SMCP00531;CV;SM
24STCV26338,#/caseaccess/caseaccessdetail/24STCV26338/24STCV26338;CV;LA
24STCV07887,#/caseaccess/caseaccessdetail/24STCV07887/24STCV07887;CV;LA
24STRO07588,#/caseaccess/caseaccessdetail/24STRO07588/24STRO07588;FL;LA
22STCV06081,#/caseaccess/caseaccessdetail/22STCV06081/22STCV06081;CV;LA
23SMCV05962,#/caseaccess/caseaccessdetail/23SMCV05962/23SMCV05962;CV;SM
23STPB09781,#/caseaccess/caseaccessdetail/23STPB09781/23STPB09781;PR;LA
24CHFL01696,#/caseaccess/caseaccessdetail/24CHFL01696/24CHFL01696;FL;CHA
24VECV01299,#/caseaccess/caseaccessdetail/24VECV01299/24VECV01299;CV;LAV
24STFL10569,#/caseaccess/caseaccessdetail/24STFL10569/24STFL10569;FL;LA
24STCV17056,#/caseaccess/caseaccessdetail/24STCV17056/24STCV17056;CV;LA
24NNCV05217,#/caseaccess/caseaccessdetail/24NNCV05217/24NNCV05217;CV;BUR
24NNCV01328,#/caseaccess/caseaccessdetail/24NNCV01328/24NNCV01328;CV;GLN
24STRO07813,#/caseaccess/caseaccessdetail/24STRO07813/24STRO07813;FL;LA
21STFL00027,#/caseaccess/caseaccessdetail/21STFL00027/21STFL00027;FL;PAS
24SMCV03476,#/caseaccess/caseaccessdetail/24SMCV03476/24SMCV03476;CV;SM
24NNCV02798,#/caseaccess/caseaccessdetail/24NNCV02798/24NNCV02798;CV;ALH
24AVCV01354,#/caseaccess/caseaccessdetail/24AVCV01354/24AVCV01354;CV;ATP
24STFL04178,#/caseaccess/caseaccessdetail/24STFL04178/24STFL04178;FL;LA
24STPB12725,#/caseaccess/caseaccessdetail/24STPB12725/24STPB12725;PR;LA
24STFL11445,#/caseaccess/caseaccessdetail/24STFL11445/24STFL11445;FL;LA
24VERO01975,#/caseaccess/caseaccessdetail/24VERO01975/24VERO01975;FL;NW
24STCV29942,#/caseaccess/caseaccessdetail/24STCV29942/24STCV29942;CV;LA
24VECV05131,#/caseaccess/caseaccessdetail/24VECV05131/24VECV05131;CV;NW
24STFL11096,#/caseaccess/caseaccessdetail/24STFL11096/24STFL11096;FL;LA
24SMCV05637,#/caseaccess/caseaccessdetail/24SMCV05637/24SMCV05637;CV;SM
BC565560,#/caseaccess/caseaccessdetail/BC565560/BC565560;CV;SM
24SMCV05819,#/caseaccess/caseaccessdetail/24SMCV05819/24SMCV05819;CV;SM
24STFL12270,#/caseaccess/caseaccessdetail/24STFL12270/24STFL12270;FL;LA
24SMCV05944,#/caseaccess/caseaccessdetail/24SMCV05944/24SMCV05944;CV;SM
24STFL00001,#/caseaccess/caseaccessdetail/24STFL00001/24STFL00001;FL;LA
BD646058,#/caseaccess/caseaccessdetail/BD646058/BD646058;FL;LA
24STFL08496,#/caseaccess/caseaccessdetail/24STFL08496/24STFL08496;FL;LA
24SMRO00446,#/caseaccess/caseaccessdetail/24SMRO00446/24SMRO00446;FL;SM
24STRO09060,#/caseaccess/caseaccessdetail/24STRO09060/24STRO09060;FL;LA
24STRO09251,#/caseaccess/caseaccessdetail/24STRO09251/24STRO09251;FL;LA
23STFL12361,#/caseaccess/caseaccessdetail/23STFL12361/23STFL12361;FL;LA
24STFL12763,#/caseaccess/caseaccessdetail/24STFL12763/24STFL12763;FL;LA
24STRO09280,#/caseaccess/caseaccessdetail/24STRO09280/24STRO09280;FL;LA
24STCV34662,#/caseaccess/caseaccessdetail/24STCV34662/24STCV34662;CV;SS
25VECV00038,#/caseaccess/caseaccessdetail/25VECV00038/25VECV00038;CV;LAV
24STCV11392,#/caseaccess/caseaccessdetail/24STCV11392/24STCV11392;CV;LA
25VERO00076,#/caseaccess/caseaccessdetail/25VERO00076/25VERO00076;FL;NW
23STCV18929,#/caseaccess/caseaccessdetail/23STCV18929/23STCV18929;CV;LA
25VERO00095,#/caseaccess/caseaccessdetail/25VERO00095/25VERO00095;FL;NW
25STFL00445,#/caseaccess/caseaccessdetail/25STFL00445/25STFL00445;FL;LA
24SMRO00454,#/caseaccess/caseaccessdetail/24SMRO00454/24SMRO00454;FL;SM
25STCV01720,#/caseaccess/caseaccessdetail/25STCV01720/25STCV01720;CV;SS
25STFL00533,#/caseaccess/caseaccessdetail/25STFL00533/25STFL00533;FL;LA
25STCV01569,#/caseaccess/caseaccessdetail/25STCV01569/25STCV01569;CV;LA
25STPB00823,#/caseaccess/caseaccessdetail/25STPB00823/25STPB00823;PR;LA
25CHFL00118,#/caseaccess/caseaccessdetail/25CHFL00118/25CHFL00118;FL;CHA
25STCV02186,#/caseaccess/caseaccessdetail/25STCV02186/25STCV02186;CV;LA
25STRO00600,#/caseaccess/caseaccessdetail/25STRO00600/25STRO00600;FL;LA
25STRO00710,#/caseaccess/caseaccessdetail/25STRO00710/25STRO00710;FL;LA
25STRO00640,#/caseaccess/caseaccessdetail/25STRO00640/25STRO00640;FL;LA
24STRO09314,#/caseaccess/caseaccessdetail/24STRO09314/24STRO09314;FL;LA
25STCV02985,#/caseaccess/caseaccessdetail/25STCV02985/25STCV02985;CV;LA
25STFL01225,#/caseaccess/caseaccessdetail/25STFL01225/25STFL01225;FL;LA
25STPT00431,#/caseaccess/caseaccessdetail/25STPT00431/25STPT00431;FL;LA
25STRO00889,#/caseaccess/caseaccessdetail/25STRO00889/25STRO00889;FL;LA
25STCV03802,#/caseaccess/caseaccessdetail/25STCV03802/25STCV03802;CV;LA
25STRO00966,#/caseaccess/caseaccessdetail/25STRO00966/25STRO00966;FL;LA
25STCV04161,#/caseaccess/caseaccessdetail/25STCV04161/25STCV04161;CV;LA
25STCV03650,#/caseaccess/caseaccessdetail/25STCV03650/25STCV03650;CV;LA
25CHRO00350,#/caseaccess/caseaccessdetail/25CHRO00350/25CHRO00350;FL;CHA
25STCV04638,#/caseaccess/caseaccessdetail/25STCV04638/25STCV04638;CV;LA
25STPB02197,#/caseaccess/caseaccessdetail/25STPB02197/25STPB02197;PR;LA
25PDRO00283,#/caseaccess/caseaccessdetail/25PDRO00283/25PDRO00283;FL;PAS
25SMCV01064,#/caseaccess/caseaccessdetail/25SMCV01064/25SMCV01064;CV;SM
24STCV18400,#/caseaccess/caseaccessdetail/24STCV18400/24STCV18400;CV;LA
25VERO00368,#/caseaccess/caseaccessdetail/25VERO00368/25VERO00368;FL;NW
25STFL02115,#/caseaccess/caseaccessdetail/25STFL02115/25STFL02115;FL;LA
25STRO01471,#/caseaccess/caseaccessdetail/25STRO01471/25STRO01471;FL;LA
25STFL02296,#/caseaccess/caseaccessdetail/25STFL02296/25STFL02296;FL;LA
25STCV06186,#/caseaccess/caseaccessdetail/25STCV06186/25STCV06186;CV;LA
25STRO01551,#/caseaccess/caseaccessdetail/25STRO01551/25STRO01551;FL;LA
25STPB02891,#/caseaccess/caseaccessdetail/25STPB02891/25STPB02891;PR;LA
25STFL02724,#/caseaccess/caseaccessdetail/25STFL02724/25STFL02724;FL;LA
25SMCV01570,#/caseaccess/caseaccessdetail/25SMCV01570/25SMCV01570;CV;SM
25STPB03646,#/caseaccess/caseaccessdetail/25STPB03646/25STPB03646;PR;LA
25STCV07624,#/caseaccess/caseaccessdetail/25STCV07624/25STCV07624;CV;LA
25STFL02772,#/caseaccess/caseaccessdetail/25STFL02772/25STFL02772;FL;LA
25STFL03404,#/caseaccess/caseaccessdetail/25STFL03404/25STFL03404;FL;LA
25STCV08378,#/caseaccess/caseaccessdetail/25STCV08378/25STCV08378;CV;LA
25STCV08353,#/caseaccess/caseaccessdetail/25STCV08353/25STCV08353;CV;LA
22STCV38615,#/caseaccess/caseaccessdetail/22STCV38615/22STCV38615;CV;LA
25STFL01342,#/caseaccess/caseaccessdetail/25STFL01342/25STFL01342;FL;LA
25STRO02396,#/caseaccess/caseaccessdetail/25STRO02396/25STRO02396;FL;LA
25STFL04139,#/caseaccess/caseaccessdetail/25STFL04139/25STFL04139;FL;LA
25STFL02891,#/caseaccess/caseaccessdetail/25STFL02891/25STFL02891;FL;LA
25STCP01661,#/caseaccess/caseaccessdetail/25STCP01661/25STCP01661;CV;LA
25STRO02987,#/caseaccess/caseaccessdetail/25STRO02987/25STRO02987;FL;LA
25STRO02389,#/caseaccess/caseaccessdetail/25STRO02389/25STRO02389;FL;LA
23SMCV05079,#/caseaccess/caseaccessdetail/23SMCV05079/23SMCV05079;CV;SM
25STFL04926,#/caseaccess/caseaccessdetail/25STFL04926/25STFL04926;FL;LA
25STRO03106,#/caseaccess/caseaccessdetail/25STRO03106/25STRO03106;FL;LA
24STCV33753,#/caseaccess/caseaccessdetail/24STCV33753/24STCV33753;CV;LA
25STFL05073,#/caseaccess/caseaccessdetail/25STFL05073/25STFL05073;FL;LA
